elapsed_s,joint1_pos_rad,joint2_pos_rad,joint3_pos_rad,joint4_pos_rad,joint5_pos_rad,joint6_pos_rad,joint7_pos_rad,joint1_vel_rad_s,joint2_vel_rad_s,joint3_vel_rad_s,joint4_vel_rad_s,joint5_vel_rad_s,joint6_vel_rad_s,joint7_vel_rad_s,joint1_effort,joint2_effort,joint3_effort,joint4_effort,joint5_effort,joint6_effort,joint7_effort
0.000000645,-0.070081830,-0.811424077,-0.090986155,0.223872989,0.242926955,1.030137181,-0.016235270,0.000000000,0.000000000,0.000000000,0.000000000,0.000000000,0.000000000,0.000000000,-0.000000000,1.088324904,1.263848305,21.888599396,-0.134621143,-0.978212655,-0.000081901
0.005078216,-0.070081830,-0.811424077,-0.090986155,0.223872989,0.242926955,1.030137181,-0.016235270,0.000000000,0.000000000,0.000000000,0.000000000,0.000000000,0.000000000,0.000000000,-0.000000000,1.088324904,1.263848305,21.888599396,-0.134621143,-0.978212655,-0.000081901
0.010158156,-0.070081830,-0.811424077,-0.090986155,0.223872989,0.242926955,1.030137181,-0.016235270,0.000000000,0.000000000,0.000000000,0.000000000,0.000000000,0.000000000,0.000000000,-0.000000000,1.088324904,1.263848305,21.888599396,-0.134621143,-0.978212655,-0.000081901
0.015235841,-0.070081830,-0.811424077,-0.090986155,0.223872989,0.242926955,1.030137181,-0.016235270,0.000000000,0.000000000,0.000000000,0.000000000,0.000000000,0.000000000,0.000000000,-0.000000000,1.088324904,1.263848305,21.888599396,-0.134621143,-0.978212655,-0.000081901
0.020314381,-0.070081830,-0.811424077,-0.090986155,0.223872989,0.242926955,1.030137181,-0.016235270,0.000000000,0.000000000,0.000000000,0.000000000,0.000000000,0.000000000,0.000000000,-0.000000000,1.088324904,1.263848305,21.888599396,-0.134621143,-0.978212655,-0.000081901
0.025392182,-0.070081830,-0.811424077,-0.090986155,0.223872989,0.242926955,1.030137181,-0.016235270,0.000000000,0.000000000,0.000000000,0.000000000,0.000000000,0.000000000,0.000000000,-0.000000000,1.088324904,1.263848305,21.888599396,-0.134621143,-0.978212655,-0.000081901
0.030469244,-0.070081830,-0.811424077,-0.090986155,0.223872989,0.242926955,1.030137181,-0.016235270,0.000000000,0.000000000,0.000000000,0.000000000,0.000000000,0.000000000,0.000000000,-0.000000000,1.088324904,1.263848305,21.874275208,-0.134621143,-0.978212655,-0.000081901
0.035529338,-0.070081830,-0.811424077,-0.090986155,0.223872989,0.242926955,1.030137181,-0.016235270,0.000000000,0.000000000,0.000000000,0.000000000,0.000000000,0.000000000,0.000000000,-0.000000000,1.088324904,1.263848305,21.874275208,-0.134621143,-0.978212655,-0.000081901
0.040587729,-0.070081830,-0.811424077,-0.090986155,0.223872989,0.242926955,1.030137181,-0.016235270,0.000000000,0.000000000,0.000000000,0.000000000,0.000000000,0.000000000,0.000000000,-0.000000000,1.088324904,1.263848305,21.874275208,-0.134621143,-0.978212655,-0.000081901
0.045657473,-0.070081830,-0.811424077,-0.090986155,0.223872989,0.242926955,1.030137181,-0.016235270,0.000000000,0.000000000,0.000000000,0.000000000,0.000000000,0.000000000,0.000000000,-0.000000000,1.088324904,1.263848305,21.874275208,-0.134621143,-0.978212655,-0.000081901
0.050716377,-0.070081830,-0.811424077,-0.090986155,0.223872989,0.242926955,1.030137181,-0.016235270,0.000000000,0.000000000,0.000000000,0.000000000,0.000000000,0.000000000,0.000000000,-0.000000000,1.088324904,1.263848305,21.888599396,-0.134621143,-0.978212655,-0.000081901
0.055774806,-0.070081830,-0.811424077,-0.090986155,0.223872989,0.242926955,1.030137181,-0.016235270,0.000000000,0.000000000,0.000000000,0.000000000,0.000000000,0.000000000,0.000000000,-0.000000000,1.088324904,1.263848305,21.888599396,-0.134621143,-0.978212655,-0.000081901
0.060834811,-0.070081830,-0.811424077,-0.090986155,0.223872989,0.242926955,1.030137181,-0.016235270,0.000000000,0.000000000,0.000000000,0.000000000,0.000000000,0.000000000,0.000000000,-0.000000000,1.088324904,1.263848305,21.888599396,-0.134621143,-0.978212655,-0.000081901
0.065892273,-0.070081830,-0.811424077,-0.090986155,0.223872989,0.242926955,1.030137181,-0.016235270,0.000000000,0.000000000,0.000000000,0.000000000,0.000000000,0.000000000,0.000000000,-0.000000000,1.088324904,1.263848305,21.888599396,-0.134621143,-0.978212655,-0.000081901
0.070950740,-0.070081830,-0.811424077,-0.090986155,0.223872989,0.242926955,1.030137181,-0.016235270,0.000000000,0.000000000,0.000000000,0.000000000,0.000000000,0.000000000,0.000000000,-0.000000000,1.088324904,1.263848305,21.888599396,-0.134621143,-0.978212655,-0.000081901
0.076008339,-0.070081830,-0.811424077,-0.090986155,0.223872989,0.242926955,1.030137181,-0.016235270,0.000000000,0.000000000,0.000000000,0.000000000,0.000000000,0.000000000,0.000000000,-0.000000000,1.088324904,1.263848305,21.874275208,-0.134621143,-0.978212655,-0.000081901
0.081065941,-0.070081830,-0.811424077,-0.090986155,0.223872989,0.242926955,1.030137181,-0.016235270,0.000000000,0.000000000,0.000000000,0.000000000,0.000000000,0.000000000,0.000000000,-0.000000000,1.088324904,1.263848305,21.874275208,-0.134621143,-0.978212655,-0.000081901
0.086123756,-0.070081830,-0.811424077,-0.090986155,0.223872989,0.242926955,1.030137181,-0.016235270,0.000000000,0.000000000,0.000000000,0.000000000,0.000000000,0.000000000,0.000000000,-0.000000000,1.088324904,1.263848305,21.859949112,-0.134621143,-0.978212655,-0.000081901
0.091182590,-0.070081830,-0.811424077,-0.090986155,0.223872989,0.242926955,1.030137181,-0.016235270,0.000000000,0.000000000,0.000000000,0.000000000,0.000000000,0.000000000,0.000000000,-0.000000000,1.088324904,1.263848305,21.859949112,-0.134621143,-0.978212655,-0.000081901
0.096240569,-0.070081830,-0.811424077,-0.090986155,0.223872989,0.242926955,1.030137181,-0.016235270,0.000000000,0.000000000,0.000000000,0.000000000,0.000000000,0.000000000,0.000000000,-0.000000000,1.088324904,1.263848305,21.874275208,-0.134621143,-0.978212655,-0.000081901
0.101298429,-0.070081830,-0.811424077,-0.090986155,0.223872989,0.242926955,1.030137181,-0.016235270,0.000000000,0.000000000,0.000000000,0.000000000,0.000000000,0.000000000,0.000000000,-0.000000000,1.088324904,1.263848305,21.874275208,-0.134621143,-0.978212655,-0.000081901
0.106367936,-0.070081830,-0.811424077,-0.090986155,0.223872989,0.242926955,1.030137181,-0.016235270,0.000000000,0.000000000,0.000000000,0.000000000,0.000000000,0.000000000,0.000000000,-0.000000000,1.088324904,1.263848305,21.874275208,-0.134621143,-0.978212655,-0.000081901
0.111449607,-0.070081830,-0.811424077,-0.090986155,0.223872989,0.242926955,1.030137181,-0.016235270,0.000000000,0.000000000,0.000000000,0.000000000,0.000000000,0.000000000,0.000000000,-0.000000000,1.088324904,1.263848305,21.874275208,-0.134621143,-0.978212655,-0.000081901
0.116512397,-0.070081830,-0.811424077,-0.090986155,0.223872989,0.242926955,1.030137181,-0.016235270,0.000000000,0.000000000,0.000000000,0.000000000,0.000000000,0.000000000,0.000000000,-0.000000000,1.088324904,1.263848305,21.874275208,-0.134621143,-0.978212655,-0.000081901
0.121603261,-0.070081830,-0.811424077,-0.090986155,0.223872989,0.242926955,1.030137181,-0.016235270,0.000000000,0.000000000,0.000000000,0.000000000,0.000000000,0.000000000,0.000000000,-0.000000000,1.088324904,1.263848305,21.859949112,-0.134621143,-0.978212655,-0.000081901
0.126668252,-0.070081830,-0.811424077,-0.090986155,0.223872989,0.242926955,1.030137181,-0.016235270,0.000000000,0.000000000,0.000000000,0.000000000,0.000000000,0.000000000,0.000000000,-0.000000000,1.088324904,1.263848305,21.859949112,-0.134621143,-0.978212655,-0.000081901
0.131727201,-0.070081830,-0.811424077,-0.090986155,0.223872989,0.242926955,1.030137181,-0.016235270,0.000000000,0.000000000,0.000000000,0.000000000,0.000000000,0.000000000,0.000000000,-0.000000000,1.088324904,1.263848305,21.859949112,-0.134621143,-0.978212655,-0.000081901
0.136787531,-0.070081830,-0.811424077,-0.090986155,0.223872989,0.242926955,1.030137181,-0.016235270,0.000000000,0.000000000,0.000000000,0.000000000,0.000000000,0.000000000,0.000000000,-0.000000000,1.088324904,1.263848305,21.859949112,-0.134621143,-0.978212655,-0.000081901
0.141846616,-0.070081830,-0.811424077,-0.090986155,0.223872989,0.242926955,1.030137181,-0.016235270,0.000000000,0.000000000,0.000000000,0.000000000,0.000000000,0.000000000,0.000000000,-0.000000000,1.088324904,1.263848305,21.859949112,-0.134621143,-0.978212655,-0.000081901
0.146905062,-0.070081830,-0.811424077,-0.090986155,0.223872989,0.242926955,1.030137181,-0.016235270,0.000000000,0.000000000,0.000000000,0.000000000,0.000000000,0.000000000,0.000000000,-0.000000000,1.088324904,1.263848305,21.859949112,-0.134621143,-0.978212655,-0.000081901
0.151963157,-0.070081830,-0.811424077,-0.090986155,0.223872989,0.242926955,1.030137181,-0.016235270,0.000000000,0.000000000,0.000000000,0.000000000,0.000000000,0.000000000,0.000000000,-0.000000000,1.088324904,1.263848305,21.859949112,-0.134621143,-0.978212655,-0.000081901
0.157021563,-0.070081830,-0.811424077,-0.090986155,0.223872989,0.242926955,1.030137181,-0.016235270,0.000000000,0.000000000,0.000000000,0.000000000,0.000000000,0.000000000,0.000000000,-0.000000000,1.088324904,1.263848305,21.859949112,-0.134621143,-0.978212655,-0.000081901
0.162080939,-0.070081830,-0.811424077,-0.090986155,0.223872989,0.242926955,1.030137181,-0.016235270,0.000000000,0.000000000,0.000000000,0.000000000,0.000000000,0.000000000,0.000000000,-0.000000000,1.088324904,1.263848305,21.859949112,-0.134621143,-0.978212655,-0.000081901
0.167139883,-0.070081830,-0.811424077,-0.090986155,0.223872989,0.242926955,1.030137181,-0.016235270,0.000000000,0.000000000,0.000000000,0.000000000,0.000000000,0.000000000,0.000000000,-0.000000000,1.088324904,1.263848305,21.874275208,-0.134621143,-0.978212655,-0.000081901
0.172198078,-0.070081830,-0.811424077,-0.090986155,0.223872989,0.242926955,1.030137181,-0.016235270,0.000000000,0.000000000,0.000000000,0.000000000,0.000000000,0.000000000,0.000000000,-0.000000000,1.088324904,1.263848305,21.859949112,-0.134621143,-0.978212655,-0.000081901
0.177256985,-0.070081830,-0.811424077,-0.090986155,0.223872989,0.242926955,1.030137181,-0.016235270,0.000000000,0.000000000,0.000000000,0.000000000,0.000000000,0.000000000,0.000000000,-0.000000000,1.088324904,1.263848305,21.845624924,-0.134621143,-0.978212655,-0.000081901
0.182318286,-0.070081830,-0.811424077,-0.090986155,0.223872989,0.242926955,1.030137181,-0.016235270,0.000000000,0.000000000,0.000000000,0.000000000,0.000000000,0.000000000,0.000000000,-0.000000000,1.088324904,1.263848305,21.845624924,-0.134621143,-0.978212655,-0.000081901
0.187397800,-0.070081830,-0.811424077,-0.090986155,0.223872989,0.242926955,1.030137181,-0.016235270,0.000000000,0.000000000,0.000000000,0.000000000,0.000000000,0.000000000,0.000000000,-0.000000000,1.088324904,1.263848305,21.831300735,-0.134621143,-0.978212655,-0.000081901
0.192472932,-0.070081830,-0.811424077,-0.090986155,0.223872989,0.242926955,1.030137181,-0.016235270,0.000000000,0.000000000,0.000000000,0.000000000,0.000000000,0.000000000,0.000000000,-0.000000000,1.088324904,1.263848305,21.845624924,-0.134621143,-0.978212655,-0.000081901
0.197550105,-0.070081830,-0.811424077,-0.090986155,0.223872989,0.242926955,1.030137181,-0.016235270,0.000000000,0.000000000,0.000000000,0.000000000,0.000000000,0.000000000,0.000000000,-0.000000000,1.088324904,1.263848305,21.859949112,-0.134621143,-0.978212655,-0.000081901
0.202621110,-0.070081830,-0.811424077,-0.090986155,0.223872989,0.242926955,1.030137181,-0.016235270,0.000000000,0.000000000,0.000000000,0.000000000,0.000000000,0.000000000,0.000000000,-0.000000000,1.088324904,1.263848305,21.874275208,-0.134621143,-0.978212655,-0.000081901
0.207689948,-0.070081830,-0.811424077,-0.090986155,0.223872989,0.242926955,1.030137181,-0.016235270,0.000000000,0.000000000,0.000000000,0.000000000,0.000000000,0.000000000,0.000000000,-0.000000000,1.088324904,1.263848305,21.888599396,-0.134621143,-0.978212655,-0.000081901
0.212759016,-0.070081830,-0.811424077,-0.090986155,0.223872989,0.242926955,1.030137181,-0.016235270,0.000000000,0.000000000,0.000000000,0.000000000,0.000000000,0.000000000,0.000000000,-0.000000000,1.088324904,1.263848305,21.888599396,-0.134621143,-0.978212655,-0.000081901
0.217826697,-0.070081830,-0.811424077,-0.090986155,0.223872989,0.242926955,1.030137181,-0.016235270,0.000000000,0.000000000,0.000000000,0.000000000,0.000000000,0.000000000,0.000000000,-0.000000000,1.088324904,1.263848305,21.874275208,-0.134621143,-0.978212655,-0.000081901
0.222896162,-0.070081830,-0.811424077,-0.090986155,0.223872989,0.242926955,1.030137181,-0.016235270,0.000000000,0.000000000,0.000000000,0.000000000,0.000000000,0.000000000,0.000000000,-0.000000000,1.088324904,1.263848305,21.859949112,-0.134621143,-0.978212655,-0.000081901
0.228063565,-0.070081830,-0.811424077,-0.090986155,0.223872989,0.242926955,1.030137181,-0.016235270,0.000000000,0.000000000,0.000000000,0.000000000,0.000000000,0.000000000,0.000000000,-0.000000000,1.088324904,1.263848305,21.831300735,-0.134621143,-0.978212655,-0.000081901
0.233143760,-0.070081830,-0.811424077,-0.090986155,0.223872989,0.242926955,1.030137181,-0.016235270,0.000000000,0.000000000,0.000000000,0.000000000,0.000000000,0.000000000,0.000000000,-0.000000000,1.088324904,1.263848305,21.831300735,-0.134621143,-0.978212655,-0.000081901
0.238219721,-0.070081830,-0.811424077,-0.090986155,0.223872989,0.242926955,1.030137181,-0.016235270,0.000000000,0.000000000,0.000000000,0.000000000,0.000000000,0.000000000,0.000000000,-0.000000000,1.088324904,1.263848305,21.831300735,-0.134621143,-0.978212655,-0.000081901
0.243292833,-0.070081830,-0.811424077,-0.090986155,0.223872989,0.242926955,1.030137181,-0.016235270,0.000000000,0.000000000,0.000000000,0.000000000,0.000000000,0.000000000,0.000000000,-0.000000000,1.088324904,1.263848305,21.831300735,-0.134621143,-0.978212655,-0.000081901
0.248362406,-0.070081830,-0.811424077,-0.090986155,0.223872989,0.242926955,1.030137181,-0.016235270,0.000000000,0.000000000,0.000000000,0.000000000,0.000000000,0.000000000,0.000000000,-0.000000000,1.088324904,1.263848305,21.831300735,-0.134621143,-0.978212655,-0.000081901
0.253430707,-0.070081830,-0.811424077,-0.090986155,0.223872989,0.242926955,1.030137181,-0.016235270,0.000000000,0.000000000,0.000000000,0.000000000,0.000000000,0.000000000,0.000000000,-0.000000000,1.088324904,1.263848305,21.831300735,-0.134621143,-0.978212655,-0.000081901
0.258501805,-0.070081830,-0.811424077,-0.090986155,0.223872989,0.242926955,1.030137181,-0.016235270,0.000000000,0.000000000,0.000000000,0.000000000,0.000000000,0.000000000,0.000000000,-0.000000000,1.088324904,1.263848305,21.831300735,-0.134621143,-0.978212655,-0.000081901
0.263577333,-0.070081830,-0.811424077,-0.090986155,0.223872989,0.242926955,1.030137181,-0.016235270,0.000000000,0.000000000,0.000000000,0.000000000,0.000000000,0.000000000,0.000000000,-0.000000000,1.088324904,1.263848305,21.831300735,-0.134621143,-0.978212655,-0.000081901
0.268650457,-0.070081830,-0.811424077,-0.090986155,0.223872989,0.242926955,1.030137181,-0.016235270,0.000000000,0.000000000,0.000000000,0.000000000,0.000000000,0.000000000,0.000000000,-0.000000000,1.088324904,1.263848305,21.831300735,-0.134621143,-0.978212655,-0.000081901
0.273723754,-0.070081830,-0.811424077,-0.090986155,0.223872989,0.242926955,1.030137181,-0.016235270,0.000000000,0.000000000,0.000000000,0.000000000,0.000000000,0.000000000,0.000000000,-0.000000000,1.088324904,1.263848305,21.831300735,-0.134621143,-0.978212655,-0.000081901
0.278792376,-0.070081830,-0.811424077,-0.090986155,0.223872989,0.242926955,1.030137181,-0.016235270,0.000000000,0.000000000,0.000000000,0.000000000,0.000000000,0.000000000,0.000000000,-0.000000000,1.088324904,1.263848305,21.831300735,-0.134621143,-0.978212655,-0.000081901
0.283862268,-0.070081830,-0.811424077,-0.090986155,0.223872989,0.242926955,1.030137181,-0.016235270,0.000000000,0.000000000,0.000000000,0.000000000,0.000000000,0.000000000,0.000000000,-0.000000000,1.088324904,1.263848305,21.831300735,-0.134621143,-0.978212655,-0.000081901
0.288925929,-0.070081830,-0.811424077,-0.090986155,0.223872989,0.242926955,1.030137181,-0.016235270,0.000000000,0.000000000,0.000000000,0.000000000,0.000000000,0.000000000,0.000000000,-0.000000000,1.088324904,1.263848305,21.831300735,-0.134621143,-0.978212655,-0.000081901
0.293993092,-0.070081830,-0.811424077,-0.090986155,0.223872989,0.242926955,1.030137181,-0.016235270,0.000000000,0.000000000,0.000000000,0.000000000,0.000000000,0.000000000,0.000000000,-0.000000000,1.088324904,1.263848305,21.831300735,-0.134621143,-0.978212655,-0.000081901
0.299051838,-0.070081830,-0.811424077,-0.090986155,0.223872989,0.242926955,1.030137181,-0.016235270,0.000000000,0.000000000,0.000000000,0.000000000,0.000000000,0.000000000,0.000000000,-0.000000000,1.088324904,1.263848305,21.831300735,-0.134621143,-0.978212655,-0.000081901
0.304113965,-0.070081830,-0.811424077,-0.090986155,0.223872989,0.242926955,1.030137181,-0.016235270,0.000000000,0.000000000,0.000000000,0.000000000,0.000000000,0.000000000,0.000000000,-0.000000000,1.088324904,1.263848305,21.831300735,-0.134621143,-0.978212655,-0.000081901
0.309175610,-0.070081830,-0.811424077,-0.090986155,0.223872989,0.242926955,1.030137181,-0.016235270,0.000000000,0.000000000,0.000000000,0.000000000,0.000000000,0.000000000,0.000000000,-0.000000000,1.088324904,1.263848305,21.831300735,-0.134621143,-0.978212655,-0.000081901
0.314236954,-0.070081830,-0.811424077,-0.090986155,0.223872989,0.242926955,1.030137181,-0.016235270,0.000000000,0.000000000,0.000000000,0.000000000,0.000000000,0.000000000,0.000000000,-0.000000000,1.088324904,1.263848305,21.831300735,-0.134621143,-0.978212655,-0.000081901
0.319297196,-0.070081830,-0.811424077,-0.090986155,0.223872989,0.242926955,1.030137181,-0.016235270,0.000000000,0.000000000,0.000000000,0.000000000,0.000000000,0.000000000,0.000000000,-0.000000000,1.088324904,1.263848305,21.831300735,-0.134621143,-0.978212655,-0.000081901
0.324368192,-0.070081830,-0.811424077,-0.090986155,0.223872989,0.242926955,1.030137181,-0.016235270,0.000000000,0.000000000,0.000000000,0.000000000,0.000000000,0.000000000,0.000000000,-0.000000000,1.088324904,1.263848305,21.831300735,-0.134621143,-0.978212655,-0.000081901
0.329428290,-0.070081830,-0.811424077,-0.090986155,0.223872989,0.242926955,1.030137181,-0.016235270,0.000000000,0.000000000,0.000000000,0.000000000,0.000000000,0.000000000,0.000000000,-0.000000000,1.088324904,1.263848305,21.831300735,-0.134621143,-0.978212655,-0.000081901
0.334545407,-0.070081830,-0.811424077,-0.090986155,0.223872989,0.242926955,1.030137181,-0.016235270,0.000000000,0.000000000,0.000000000,0.000000000,0.000000000,0.000000000,0.000000000,-0.000000000,1.088324904,1.263848305,21.831300735,-0.134621143,-0.978212655,-0.000081901
0.339691949,-0.070081830,-0.811424077,-0.090986155,0.223872989,0.242926955,1.030137181,-0.016235270,0.000000000,0.000000000,0.000000000,0.000000000,0.000000000,0.000000000,0.000000000,-0.000000000,1.088324904,1.263848305,21.831300735,-0.134621143,-0.978212655,-0.000081901
0.344782022,-0.070081830,-0.811424077,-0.090986155,0.223872989,0.242926955,1.030137181,-0.016235270,0.000000000,0.000000000,0.000000000,0.000000000,0.000000000,0.000000000,0.000000000,-0.000000000,1.088324904,1.263848305,21.831300735,-0.134621143,-0.978212655,-0.000081901
0.349840448,-0.070081830,-0.811424077,-0.090986155,0.223872989,0.242926955,1.030137181,-0.016235270,0.000000000,0.000000000,0.000000000,0.000000000,0.000000000,0.000000000,0.000000000,-0.000000000,1.088324904,1.263848305,21.831300735,-0.134621143,-0.978212655,-0.000081901
0.354902088,-0.070081830,-0.811424077,-0.090986155,0.223872989,0.242926955,1.030137181,-0.016235270,0.000000000,0.000000000,0.000000000,0.000000000,0.000000000,0.000000000,0.000000000,-0.000000000,1.088324904,1.263848305,21.831300735,-0.134621143,-0.978212655,-0.000081901
0.359966271,-0.070081830,-0.811424077,-0.090986155,0.223872989,0.242926955,1.030137181,-0.016235270,0.000000000,0.000000000,0.000000000,0.000000000,0.000000000,0.000000000,0.000000000,-0.000000000,1.088324904,1.263848305,21.831300735,-0.134621143,-0.978212655,-0.000081901
0.365036419,-0.070081830,-0.811424077,-0.090986155,0.223872989,0.242926955,1.030137181,-0.016235270,0.000000000,0.000000000,0.000000000,0.000000000,0.000000000,0.000000000,0.000000000,-0.000000000,1.088324904,1.263848305,21.831300735,-0.134621143,-0.978212655,-0.000081901
0.370105497,-0.070081830,-0.811424077,-0.090986155,0.223872989,0.242926955,1.030137181,-0.016235270,0.000000000,0.000000000,0.000000000,0.000000000,0.000000000,0.000000000,0.000000000,-0.000000000,1.088324904,1.263848305,21.831300735,-0.134621143,-0.978212655,-0.000081901
0.375181610,-0.070081830,-0.811424077,-0.090986155,0.223872989,0.242926955,1.030137181,-0.016235270,0.000000000,0.000000000,0.000000000,0.000000000,0.000000000,0.000000000,0.000000000,-0.000000000,1.088324904,1.263848305,21.831300735,-0.134621143,-0.978212655,-0.000081901
0.380244451,-0.070081830,-0.811424077,-0.090986155,0.223872989,0.242926955,1.030137181,-0.016235270,0.000000000,0.000000000,0.000000000,0.000000000,0.000000000,0.000000000,0.000000000,-0.000000000,1.088324904,1.263848305,21.831300735,-0.134621143,-0.978212655,-0.000081901
0.385330961,-0.070081830,-0.811424077,-0.090986155,0.223872989,0.242926955,1.030137181,-0.016235270,0.000000000,0.000000000,0.000000000,0.000000000,0.000000000,0.000000000,0.000000000,-0.000000000,1.088324904,1.263848305,21.831300735,-0.134621143,-0.978212655,-0.000081901
0.390408321,-0.070081830,-0.811424077,-0.090986155,0.223872989,0.242926955,1.030137181,-0.016235270,0.000000000,0.000000000,0.000000000,0.000000000,0.000000000,0.000000000,0.000000000,-0.000000000,1.088324904,1.263848305,21.831300735,-0.134621143,-0.978212655,-0.000081901
0.395484143,-0.070081830,-0.811424077,-0.090986155,0.223872989,0.242926955,1.030137181,-0.016235270,0.000000000,0.000000000,0.000000000,0.000000000,0.000000000,0.000000000,0.000000000,-0.000000000,1.088324904,1.263848305,21.831300735,-0.134621143,-0.978212655,-0.000081901
0.400564876,-0.070081830,-0.811424077,-0.090986155,0.223872989,0.242926955,1.030137181,-0.016235270,0.000000000,0.000000000,0.000000000,0.000000000,0.000000000,0.000000000,0.000000000,-0.000000000,1.088324904,1.263848305,21.831300735,-0.134621143,-0.978212655,-0.000081901
0.405637771,-0.070081830,-0.811424077,-0.090986155,0.223872989,0.242926955,1.030137181,-0.016235270,0.000000000,0.000000000,0.000000000,0.000000000,0.000000000,0.000000000,0.000000000,-0.000000000,1.088324904,1.263848305,21.831300735,-0.134621143,-0.978212655,-0.000081901
0.410698129,-0.070081830,-0.811424077,-0.090986155,0.223872989,0.242926955,1.030137181,-0.016235270,0.000000000,0.000000000,0.000000000,0.000000000,0.000000000,0.000000000,0.000000000,-0.000000000,1.088324904,1.263848305,21.831300735,-0.134621143,-0.978212655,-0.000081901
0.415758728,-0.070081830,-0.811424077,-0.090986155,0.223872989,0.242926955,1.030137181,-0.016235270,0.000000000,0.000000000,0.000000000,0.000000000,0.000000000,0.000000000,0.000000000,-0.000000000,1.088324904,1.263848305,21.831300735,-0.134621143,-0.978212655,-0.000081901
0.420777223,-0.070081830,-0.811424077,-0.090986155,0.223872989,0.242926955,1.030137181,-0.016235270,0.000000000,0.000000000,0.000000000,0.000000000,0.000000000,0.000000000,0.000000000,-0.000000000,1.088324904,1.263848305,21.831300735,-0.134621143,-0.978212655,-0.000081901
0.425838312,-0.070081830,-0.811424077,-0.090986155,0.223872989,0.242926955,1.030137181,-0.016235270,0.000000000,0.000000000,0.000000000,0.000000000,0.000000000,0.000000000,0.000000000,-0.000000000,1.088324904,1.263848305,21.831300735,-0.134621143,-0.978212655,-0.000081901
0.430900170,-0.070081830,-0.811424077,-0.090986155,0.223872989,0.242926955,1.030137181,-0.016235270,0.000000000,0.000000000,0.000000000,0.000000000,0.000000000,0.000000000,0.000000000,-0.000000000,1.088324904,1.263848305,21.831300735,-0.134621143,-0.978212655,-0.000081901
0.436038975,-0.070081830,-0.811424077,-0.090986155,0.223872989,0.242926955,1.030137181,-0.016235270,0.000000000,0.000000000,0.000000000,0.000000000,0.000000000,0.000000000,0.000000000,-0.000000000,1.088324904,1.263848305,21.831300735,-0.134621143,-0.978212655,-0.000081901
0.441109090,-0.070081830,-0.811424077,-0.090986155,0.223872989,0.242926955,1.030137181,-0.016235270,0.000000000,0.000000000,0.000000000,0.000000000,0.000000000,0.000000000,0.000000000,-0.000000000,1.088324904,1.263848305,21.831300735,-0.134621143,-0.978212655,-0.000081901
0.446173893,-0.070081830,-0.811424077,-0.090986155,0.223872989,0.242926955,1.030137181,-0.016235270,0.000000000,0.000000000,0.000000000,0.000000000,0.000000000,0.000000000,0.000000000,-0.000000000,1.088324904,1.263848305,21.831300735,-0.134621143,-0.978212655,-0.000081901
0.451237399,-0.070081830,-0.811424077,-0.090986155,0.223872989,0.242926955,1.030137181,-0.016235270,0.000000000,0.000000000,0.000000000,0.000000000,0.000000000,0.000000000,0.000000000,-0.000000000,1.088324904,1.263848305,21.831300735,-0.134621143,-0.978212655,-0.000081901
0.456297496,-0.070081830,-0.811424077,-0.090986155,0.223872989,0.242926955,1.030137181,-0.016235270,0.000000000,0.000000000,0.000000000,0.000000000,0.000000000,0.000000000,0.000000000,-0.000000000,1.088324904,1.263848305,21.831300735,-0.134621143,-0.978212655,-0.000081901
0.461355534,-0.070081830,-0.811424077,-0.090986155,0.223872989,0.242926955,1.030137181,-0.016235270,0.000000000,0.000000000,0.000000000,0.000000000,0.000000000,0.000000000,0.000000000,-0.000000000,1.088324904,1.263848305,21.831300735,-0.134621143,-0.978212655,-0.000081901
0.466414981,-0.070081830,-0.811424077,-0.090986155,0.223872989,0.242926955,1.030137181,-0.016235270,0.000000000,0.000000000,0.000000000,0.000000000,0.000000000,0.000000000,0.000000000,-0.000000000,1.088324904,1.263848305,21.831300735,-0.134621143,-0.978212655,-0.000081901
0.471489185,-0.070081830,-0.811424077,-0.090986155,0.223872989,0.242926955,1.030137181,-0.016235270,0.000000000,0.000000000,0.000000000,0.000000000,0.000000000,0.000000000,0.000000000,-0.000000000,1.088324904,1.263848305,21.831300735,-0.134621143,-0.978212655,-0.000081901
0.476622103,-0.070081830,-0.811424077,-0.090986155,0.223872989,0.242926955,1.030137181,-0.016235270,0.000000000,0.000000000,0.000000000,0.000000000,0.000000000,0.000000000,0.000000000,-0.000000000,1.088324904,1.263848305,21.831300735,-0.134621143,-0.978212655,-0.000081901
0.481697711,-0.070081830,-0.811424077,-0.090986155,0.223872989,0.242926955,1.030137181,-0.016235270,0.000000000,0.000000000,0.000000000,0.000000000,0.000000000,0.000000000,0.000000000,-0.000000000,1.088324904,1.263848305,21.831300735,-0.134621143,-0.978212655,-0.000081901
0.486780392,-0.070081830,-0.811424077,-0.090986155,0.223872989,0.242926955,1.030137181,-0.016235270,0.000000000,0.000000000,0.000000000,0.000000000,0.000000000,0.000000000,0.000000000,-0.000000000,1.088324904,1.263848305,21.831300735,-0.134621143,-0.978212655,-0.000081901
0.491845124,-0.070081830,-0.811424077,-0.090986155,0.223872989,0.242926955,1.030137181,-0.016235270,0.000000000,0.000000000,0.000000000,0.000000000,0.000000000,0.000000000,0.000000000,-0.000000000,1.088324904,1.263848305,21.831300735,-0.134621143,-0.978212655,-0.000081901
0.496908995,-0.070081830,-0.811424077,-0.090986155,0.223872989,0.242926955,1.030137181,-0.016235270,0.000000000,0.000000000,0.000000000,0.000000000,0.000000000,0.000000000,0.000000000,-0.000000000,1.088324904,1.263848305,21.831300735,-0.134621143,-0.978212655,-0.000081901
0.501971187,-0.070081830,-0.811424077,-0.090986155,0.223872989,0.242926955,1.030137181,-0.016235270,0.000000000,0.000000000,0.000000000,0.000000000,0.000000000,0.000000000,0.000000000,-0.000000000,1.088324904,1.263848305,21.831300735,-0.134621143,-0.978212655,-0.000081901
0.507031681,-0.070081830,-0.811424077,-0.090986155,0.223872989,0.242926955,1.030137181,-0.016235270,0.000000000,0.000000000,0.000000000,0.000000000,0.000000000,0.000000000,0.000000000,-0.000000000,1.088324904,1.263848305,21.831300735,-0.134621143,-0.978212655,-0.000081901
0.512108580,-0.070081830,-0.811424077,-0.090986155,0.223872989,0.242926955,1.030137181,-0.016235270,0.000000000,0.000000000,0.000000000,0.000000000,0.000000000,0.000000000,0.000000000,-0.000000000,1.088324904,1.263848305,21.831300735,-0.134621143,-0.978212655,-0.000081901
0.517185944,-0.070081830,-0.811424077,-0.090986155,0.223872989,0.242926955,1.030137181,-0.016235270,0.000000000,0.000000000,0.000000000,0.000000000,0.000000000,0.000000000,0.000000000,-0.000000000,1.088324904,1.263848305,21.831300735,-0.134621143,-0.978212655,-0.000081901
0.522252707,-0.070081830,-0.811424077,-0.090986155,0.223872989,0.242926955,1.030137181,-0.016235270,0.000000000,0.000000000,0.000000000,0.000000000,0.000000000,0.000000000,0.000000000,-0.000000000,1.088324904,1.263848305,21.831300735,-0.134621143,-0.978212655,-0.000081901
0.527313794,-0.070081830,-0.811424077,-0.090986155,0.223872989,0.242926955,1.030137181,-0.016235270,0.000000000,0.000000000,0.000000000,0.000000000,0.000000000,0.000000000,0.000000000,-0.000000000,1.088324904,1.263848305,21.831300735,-0.134621143,-0.978212655,-0.000081901
0.532372376,-0.070081830,-0.811424077,-0.090986155,0.223872989,0.242926955,1.030137181,-0.016235270,0.000000000,0.000000000,0.000000000,0.000000000,0.000000000,0.000000000,0.000000000,-0.000000000,1.088324904,1.263848305,21.831300735,-0.134621143,-0.978212655,-0.000081901
0.537435682,-0.070081830,-0.811424077,-0.090986155,0.223872989,0.242926955,1.030137181,-0.016235270,0.000000000,0.000000000,0.000000000,0.000000000,0.000000000,0.000000000,0.000000000,-0.000000000,1.088324904,1.263848305,21.831300735,-0.134621143,-0.978212655,-0.000081901
0.542494302,-0.070081830,-0.811424077,-0.090986155,0.223872989,0.242926955,1.030137181,-0.016235270,0.000000000,0.000000000,0.000000000,0.000000000,0.000000000,0.000000000,0.000000000,-0.000000000,1.088324904,1.263848305,21.831300735,-0.134621143,-0.978212655,-0.000081901
0.547552114,-0.070081830,-0.811424077,-0.090986155,0.223872989,0.242926955,1.030137181,-0.016235270,0.000000000,0.000000000,0.000000000,0.000000000,0.000000000,0.000000000,0.000000000,-0.000000000,1.088324904,1.263848305,21.831300735,-0.134621143,-0.978212655,-0.000081901
0.552612069,-0.070081830,-0.811424077,-0.090986155,0.223872989,0.242926955,1.030137181,-0.016235270,0.000000000,0.000000000,0.000000000,0.000000000,0.000000000,0.000000000,0.000000000,-0.000000000,1.088324904,1.263848305,21.831300735,-0.134621143,-0.978212655,-0.000081901
0.557671456,-0.070081830,-0.811424077,-0.090986155,0.223872989,0.242926955,1.030137181,-0.016235270,0.000000000,0.000000000,0.000000000,0.000000000,0.000000000,0.000000000,0.000000000,-0.000000000,1.088324904,1.263848305,21.831300735,-0.134621143,-0.978212655,-0.000081901
0.562730861,-0.070081830,-0.811424077,-0.090986155,0.223872989,0.242926955,1.030137181,-0.016235270,0.000000000,0.000000000,0.000000000,0.000000000,0.000000000,0.000000000,0.000000000,-0.000000000,1.088324904,1.263848305,21.831300735,-0.134621143,-0.978212655,-0.000081901
0.567788513,-0.070081830,-0.811424077,-0.090986155,0.223872989,0.242926955,1.030137181,-0.016235270,0.000000000,0.000000000,0.000000000,0.000000000,0.000000000,0.000000000,0.000000000,-0.000000000,1.088324904,1.263848305,21.831300735,-0.134621143,-0.978212655,-0.000081901
0.572847478,-0.070081830,-0.811424077,-0.090986155,0.223872989,0.242926955,1.030137181,-0.016235270,0.000000000,0.000000000,0.000000000,0.000000000,0.000000000,0.000000000,0.000000000,-0.000000000,1.088324904,1.263848305,21.831300735,-0.134621143,-0.978212655,-0.000081901
0.577910204,-0.070081830,-0.811424077,-0.090986155,0.223872989,0.242926955,1.030137181,-0.016235270,0.000000000,0.000000000,0.000000000,0.000000000,0.000000000,0.000000000,0.000000000,-0.000000000,1.088324904,1.263848305,21.831300735,-0.134621143,-0.978212655,-0.000081901
0.582991085,-0.070081830,-0.811424077,-0.090986155,0.223872989,0.242926955,1.030137181,-0.016235270,0.000000000,0.000000000,0.000000000,0.000000000,0.000000000,0.000000000,0.000000000,-0.000000000,1.088324904,1.263848305,21.831300735,-0.134621143,-0.978212655,-0.000081901
0.588055321,-0.070081830,-0.811424077,-0.090986155,0.223872989,0.242926955,1.030137181,-0.016235270,0.000000000,0.000000000,0.000000000,0.000000000,0.000000000,0.000000000,0.000000000,-0.000000000,1.088324904,1.263848305,21.831300735,-0.134621143,-0.978212655,-0.000081901
0.593115378,-0.070081830,-0.811424077,-0.090986155,0.223872989,0.242926955,1.030137181,-0.016235270,0.000000000,0.000000000,0.000000000,0.000000000,0.000000000,0.000000000,0.000000000,-0.000000000,1.088324904,1.263848305,21.831300735,-0.134621143,-0.978212655,-0.000081901
0.598192257,-0.070081830,-0.811424077,-0.090986155,0.223872989,0.242926955,1.030137181,-0.016235270,0.000000000,0.000000000,0.000000000,0.000000000,0.000000000,0.000000000,0.000000000,-0.000000000,1.088324904,1.263848305,21.831300735,-0.134621143,-0.978212655,-0.000081901
0.603252181,-0.070081830,-0.811424077,-0.090986155,0.223872989,0.242926955,1.030137181,-0.016235270,0.000000000,0.000000000,0.000000000,0.000000000,0.000000000,0.000000000,0.000000000,-0.000000000,1.088324904,1.263848305,21.831300735,-0.134621143,-0.978212655,-0.000081901
0.608311209,-0.070081830,-0.811424077,-0.090986155,0.223872989,0.242926955,1.030137181,-0.016235270,0.000000000,0.000000000,0.000000000,0.000000000,0.000000000,0.000000000,0.000000000,-0.000000000,1.088324904,1.263848305,21.831300735,-0.134621143,-0.978212655,-0.000081901
0.613369866,-0.070081830,-0.811424077,-0.090986155,0.223872989,0.242926955,1.030137181,-0.016235270,0.000000000,0.000000000,0.000000000,0.000000000,0.000000000,0.000000000,0.000000000,-0.000000000,1.088324904,1.263848305,21.831300735,-0.134621143,-0.978212655,-0.000081901
0.618429129,-0.070081830,-0.811424077,-0.090986155,0.223872989,0.242926955,1.030137181,-0.016235270,0.000000000,0.000000000,0.000000000,0.000000000,0.000000000,0.000000000,0.000000000,-0.000000000,1.088324904,1.263848305,21.831300735,-0.134621143,-0.978212655,-0.000081901
0.623501778,-0.070081830,-0.811424077,-0.090986155,0.223872989,0.242926955,1.030137181,-0.016235270,0.000000000,0.000000000,0.000000000,0.000000000,0.000000000,0.000000000,0.000000000,-0.000000000,1.088324904,1.263848305,21.831300735,-0.134621143,-0.978212655,-0.000081901
0.628563018,-0.070081830,-0.811424077,-0.090986155,0.223872989,0.242926955,1.030137181,-0.016235270,0.000000000,0.000000000,0.000000000,0.000000000,0.000000000,0.000000000,0.000000000,-0.000000000,1.088324904,1.263848305,21.831300735,-0.134621143,-0.978212655,-0.000081901
0.633620798,-0.070081830,-0.811424077,-0.090986155,0.223872989,0.242926955,1.030137181,-0.016235270,0.000000000,0.000000000,0.000000000,0.000000000,0.000000000,0.000000000,0.000000000,-0.000000000,1.088324904,1.263848305,21.831300735,-0.134621143,-0.978212655,-0.000081901
0.638678654,-0.070081830,-0.811424077,-0.090986155,0.223872989,0.242926955,1.030137181,-0.016235270,0.000000000,0.000000000,0.000000000,0.000000000,0.000000000,0.000000000,0.000000000,-0.000000000,1.088324904,1.263848305,21.831300735,-0.134621143,-0.978212655,-0.000081901
0.643737415,-0.070081830,-0.811424077,-0.090986155,0.223872989,0.242926955,1.030137181,-0.016235270,0.000000000,0.000000000,0.000000000,0.000000000,0.000000000,0.000000000,0.000000000,-0.000000000,1.088324904,1.263848305,21.831300735,-0.134621143,-0.978212655,-0.000081901
0.648812559,-0.070081830,-0.811424077,-0.090986155,0.223872989,0.242926955,1.030137181,-0.016235270,0.000000000,0.000000000,0.000000000,0.000000000,0.000000000,0.000000000,0.000000000,-0.000000000,1.088324904,1.263848305,21.831300735,-0.134621143,-0.978212655,-0.000081901
0.653888919,-0.070081830,-0.811424077,-0.090986155,0.223872989,0.242926955,1.030137181,-0.016235270,0.000000000,0.000000000,0.000000000,0.000000000,0.000000000,0.000000000,0.000000000,-0.000000000,1.088324904,1.263848305,21.831300735,-0.134621143,-0.978212655,-0.000081901
0.658961892,-0.070081830,-0.811424077,-0.090986155,0.223872989,0.242926955,1.030137181,-0.016235270,0.000000000,0.000000000,0.000000000,0.000000000,0.000000000,0.000000000,0.000000000,-0.000000000,1.088324904,1.263848305,21.831300735,-0.134621143,-0.978212655,-0.000081901
0.664023433,-0.070081830,-0.811424077,-0.090986155,0.223872989,0.242926955,1.030137181,-0.016235270,0.000000000,0.000000000,0.000000000,0.000000000,0.000000000,0.000000000,0.000000000,-0.000000000,1.088324904,1.263848305,21.831300735,-0.134621143,-0.978212655,-0.000081901
0.669086621,-0.070081830,-0.811424077,-0.090986155,0.223872989,0.242926955,1.030137181,-0.016235270,0.000000000,0.000000000,0.000000000,0.000000000,0.000000000,0.000000000,0.000000000,-0.000000000,1.088324904,1.263848305,21.831300735,-0.134621143,-0.978212655,-0.000081901
0.674146619,-0.070081830,-0.811424077,-0.090986155,0.223872989,0.242926955,1.030137181,-0.016235270,0.000000000,0.000000000,0.000000000,0.000000000,0.000000000,0.000000000,0.000000000,-0.000000000,1.088324904,1.263848305,21.831300735,-0.134621143,-0.978212655,-0.000081901
0.679205868,-0.070081830,-0.811424077,-0.090986155,0.223872989,0.242926955,1.030137181,-0.016235270,0.000000000,0.000000000,0.000000000,0.000000000,0.000000000,0.000000000,0.000000000,-0.000000000,1.088324904,1.263848305,21.831300735,-0.134621143,-0.978212655,-0.000081901
0.684265879,-0.070081830,-0.811424077,-0.090986155,0.223872989,0.242926955,1.030137181,-0.016235270,0.000000000,0.000000000,0.000000000,0.000000000,0.000000000,0.000000000,0.000000000,-0.000000000,1.088324904,1.263848305,21.831300735,-0.134621143,-0.978212655,-0.000081901
0.689328524,-0.070081830,-0.811424077,-0.090986155,0.223872989,0.242926955,1.030137181,-0.016235270,0.000000000,0.000000000,0.000000000,0.000000000,0.000000000,0.000000000,0.000000000,-0.000000000,1.088324904,1.263848305,21.831300735,-0.134621143,-0.978212655,-0.000081901
0.694389654,-0.070081830,-0.811424077,-0.090986155,0.223872989,0.242926955,1.030137181,-0.016235270,0.000000000,0.000000000,0.000000000,0.000000000,0.000000000,0.000000000,0.000000000,-0.000000000,1.088324904,1.263848305,21.831300735,-0.134621143,-0.978212655,-0.000081901
0.699450660,-0.070081830,-0.811424077,-0.090986155,0.223872989,0.242926955,1.030137181,-0.016235270,0.000000000,0.000000000,0.000000000,0.000000000,0.000000000,0.000000000,0.000000000,-0.000000000,1.088324904,1.263848305,21.831300735,-0.134621143,-0.978212655,-0.000081901
0.704513593,-0.070081830,-0.811424077,-0.090986155,0.223872989,0.242926955,1.030137181,-0.016235270,0.000000000,0.000000000,0.000000000,0.000000000,0.000000000,0.000000000,0.000000000,-0.000000000,1.088324904,1.263848305,21.831300735,-0.134621143,-0.978212655,-0.000081901
0.709573836,-0.070081830,-0.811424077,-0.090986155,0.223872989,0.242926955,1.030137181,-0.016235270,0.000000000,0.000000000,0.000000000,0.000000000,0.000000000,0.000000000,0.000000000,-0.000000000,1.088324904,1.263848305,21.831300735,-0.134621143,-0.978212655,-0.000081901
0.714631938,-0.070081830,-0.811424077,-0.090986155,0.223872989,0.242926955,1.030137181,-0.016235270,0.000000000,0.000000000,0.000000000,0.000000000,0.000000000,0.000000000,0.000000000,-0.000000000,1.088324904,1.263848305,21.831300735,-0.134621143,-0.978212655,-0.000081901
0.719690582,-0.070081830,-0.811424077,-0.090986155,0.223872989,0.242926955,1.030137181,-0.016235270,0.000000000,0.000000000,0.000000000,0.000000000,0.000000000,0.000000000,0.000000000,-0.000000000,1.088324904,1.263848305,21.831300735,-0.134621143,-0.978212655,-0.000081901
0.724749231,-0.070081830,-0.811424077,-0.090986155,0.223872989,0.242926955,1.030137181,-0.016235270,0.000000000,0.000000000,0.000000000,0.000000000,0.000000000,0.000000000,0.000000000,-0.000000000,1.088324904,1.263848305,21.831300735,-0.134621143,-0.978212655,-0.000081901
0.729810375,-0.070081830,-0.811424077,-0.090986155,0.223872989,0.242926955,1.030137181,-0.016235270,0.000000000,0.000000000,0.000000000,0.000000000,0.000000000,0.000000000,0.000000000,-0.000000000,1.088324904,1.263848305,21.831300735,-0.134621143,-0.978212655,-0.000081901
0.735334406,-0.070081830,-0.811424077,-0.090986155,0.223872989,0.242926955,1.030137181,-0.016235270,0.000000000,0.000000000,0.000000000,0.000000000,0.000000000,0.000000000,0.000000000,-0.000000000,1.088324904,1.263848305,21.831300735,-0.134621143,-0.978212655,-0.000081901
0.740410210,-0.070081830,-0.811424077,-0.090986155,0.223872989,0.242926955,1.030137181,-0.016235270,0.000000000,0.000000000,0.000000000,0.000000000,0.000000000,0.000000000,0.000000000,-0.000000000,1.088324904,1.263848305,21.831300735,-0.134621143,-0.978212655,-0.000081901
0.745485531,-0.070081830,-0.811424077,-0.090986155,0.223872989,0.242926955,1.030137181,-0.016235270,0.000000000,0.000000000,0.000000000,0.000000000,0.000000000,0.000000000,0.000000000,-0.000000000,1.088324904,1.263848305,21.831300735,-0.134621143,-0.978212655,-0.000081901
0.750545498,-0.070081830,-0.811424077,-0.090986155,0.223872989,0.242926955,1.030137181,-0.016235270,0.000000000,0.000000000,0.000000000,0.000000000,0.000000000,0.000000000,0.000000000,-0.000000000,1.088324904,1.263848305,21.831300735,-0.134621143,-0.978212655,-0.000081901
0.755603684,-0.070081830,-0.811424077,-0.090986155,0.223872989,0.242926955,1.030137181,-0.016235270,0.000000000,0.000000000,0.000000000,0.000000000,0.000000000,0.000000000,0.000000000,-0.000000000,1.088324904,1.263848305,21.831300735,-0.134621143,-0.978212655,-0.000081901
0.760662537,-0.070081830,-0.811424077,-0.090986155,0.223872989,0.242926955,1.030137181,-0.016235270,0.000000000,0.000000000,0.000000000,0.000000000,0.000000000,0.000000000,0.000000000,-0.000000000,1.088324904,1.263848305,21.831300735,-0.134621143,-0.978212655,-0.000081901
0.765721860,-0.070081830,-0.811424077,-0.090986155,0.223872989,0.242926955,1.030137181,-0.016235270,0.000000000,0.000000000,0.000000000,0.000000000,0.000000000,0.000000000,0.000000000,-0.000000000,1.088324904,1.263848305,21.831300735,-0.134621143,-0.978212655,-0.000081901
0.770780989,-0.070081830,-0.811424077,-0.090986155,0.223872989,0.242926955,1.030137181,-0.016235270,0.000000000,0.000000000,0.000000000,0.000000000,0.000000000,0.000000000,0.000000000,-0.000000000,1.088324904,1.263848305,21.831300735,-0.134621143,-0.978212655,-0.000081901
0.775840296,-0.070081830,-0.811424077,-0.090986155,0.223872989,0.242926955,1.030137181,-0.016235270,0.000000000,0.000000000,0.000000000,0.000000000,0.000000000,0.000000000,0.000000000,-0.000000000,1.088324904,1.263848305,21.831300735,-0.134621143,-0.978212655,-0.000081901
0.780902579,-0.070081830,-0.811424077,-0.090986155,0.223872989,0.242926955,1.030137181,-0.016235270,0.000000000,0.000000000,0.000000000,0.000000000,0.000000000,0.000000000,0.000000000,-0.000000000,1.088324904,1.263848305,21.831300735,-0.134621143,-0.978212655,-0.000081901
0.785961874,-0.070081830,-0.811424077,-0.090986155,0.223872989,0.242926955,1.030137181,-0.016235270,0.000000000,0.000000000,0.000000000,0.000000000,0.000000000,0.000000000,0.000000000,-0.000000000,1.088324904,1.263848305,21.831300735,-0.134621143,-0.978212655,-0.000081901
0.791021406,-0.070081830,-0.811424077,-0.090986155,0.223872989,0.242926955,1.030137181,-0.016235270,0.000000000,0.000000000,0.000000000,0.000000000,0.000000000,0.000000000,0.000000000,-0.000000000,1.088324904,1.263848305,21.831300735,-0.134621143,-0.978212655,-0.000081901
0.796080024,-0.070081830,-0.811424077,-0.090986155,0.223872989,0.242926955,1.030137181,-0.016235270,0.000000000,0.000000000,0.000000000,0.000000000,0.000000000,0.000000000,0.000000000,-0.000000000,1.088324904,1.263848305,21.831300735,-0.134621143,-0.978212655,-0.000081901
0.801152491,-0.070081830,-0.811424077,-0.090986155,0.223872989,0.242926955,1.030137181,-0.016235270,0.000000000,0.000000000,0.000000000,0.000000000,0.000000000,0.000000000,0.000000000,-0.000000000,1.088324904,1.263848305,21.831300735,-0.134621143,-0.978212655,-0.000081901
0.806234513,-0.070081830,-0.811424077,-0.090986155,0.223872989,0.242926955,1.030137181,-0.016235270,0.000000000,0.000000000,0.000000000,0.000000000,0.000000000,0.000000000,0.000000000,-0.000000000,1.088324904,1.263848305,21.831300735,-0.134621143,-0.978212655,-0.000081901
0.811300249,-0.070081830,-0.811424077,-0.090986155,0.223872989,0.242926955,1.030137181,-0.016235270,0.000000000,0.000000000,0.000000000,0.000000000,0.000000000,0.000000000,0.000000000,-0.000000000,1.088324904,1.263848305,21.831300735,-0.134621143,-0.978212655,-0.000081901
0.816362987,-0.070081830,-0.811424077,-0.090986155,0.223872989,0.242926955,1.030137181,-0.016235270,0.000000000,0.000000000,0.000000000,0.000000000,0.000000000,0.000000000,0.000000000,-0.000000000,1.088324904,1.263848305,21.831300735,-0.134621143,-0.978212655,-0.000081901
0.821423397,-0.070081830,-0.811424077,-0.090986155,0.223872989,0.242926955,1.030137181,-0.016235270,0.000000000,0.000000000,0.000000000,0.000000000,0.000000000,0.000000000,0.000000000,-0.000000000,1.088324904,1.263848305,21.831300735,-0.134621143,-0.978212655,-0.000081901
0.826485153,-0.070081830,-0.811424077,-0.090986155,0.223872989,0.242926955,1.030137181,-0.016235270,0.000000000,0.000000000,0.000000000,0.000000000,0.000000000,0.000000000,0.000000000,-0.000000000,1.088324904,1.263848305,21.831300735,-0.134621143,-0.978212655,-0.000081901
0.831544886,-0.070081830,-0.811424077,-0.090986155,0.223872989,0.242926955,1.030137181,-0.016235270,0.000000000,0.000000000,0.000000000,0.000000000,0.000000000,0.000000000,0.000000000,-0.000000000,1.088324904,1.263848305,21.831300735,-0.134621143,-0.978212655,-0.000081901
0.836605379,-0.070081830,-0.811424077,-0.090986155,0.223872989,0.242926955,1.030137181,-0.016235270,0.000000000,0.000000000,0.000000000,0.000000000,0.000000000,0.000000000,0.000000000,-0.000000000,1.088324904,1.263848305,21.831300735,-0.134621143,-0.978212655,-0.000081901
0.841777827,-0.070081830,-0.811424077,-0.090986155,0.223872989,0.242926955,1.030137181,-0.016235270,0.000000000,0.000000000,0.000000000,0.000000000,0.000000000,0.000000000,0.000000000,-0.000000000,1.088324904,1.263848305,21.831300735,-0.134621143,-0.978212655,-0.000081901
0.846843408,-0.070081830,-0.811424077,-0.090986155,0.223872989,0.242926955,1.030137181,-0.016235270,0.000000000,0.000000000,0.000000000,0.000000000,0.000000000,0.000000000,0.000000000,-0.000000000,1.088324904,1.263848305,21.831300735,-0.134621143,-0.978212655,-0.000081901
0.851908117,-0.070081830,-0.811424077,-0.090986155,0.223872989,0.242926955,1.030137181,-0.016235270,0.000000000,0.000000000,0.000000000,0.000000000,0.000000000,0.000000000,0.000000000,-0.000000000,1.088324904,1.263848305,21.831300735,-0.134621143,-0.978212655,-0.000081901
0.856968101,-0.070081830,-0.811424077,-0.090986155,0.223872989,0.242926955,1.030137181,-0.016235270,0.000000000,0.000000000,0.000000000,0.000000000,0.000000000,0.000000000,0.000000000,-0.000000000,1.088324904,1.263848305,21.831300735,-0.134621143,-0.978212655,-0.000081901
0.862029536,-0.070081830,-0.811424077,-0.090986155,0.223872989,0.242926955,1.030137181,-0.016235270,0.000000000,0.000000000,0.000000000,0.000000000,0.000000000,0.000000000,0.000000000,-0.000000000,1.088324904,1.263848305,21.831300735,-0.134621143,-0.978212655,-0.000081901
0.867089200,-0.070081830,-0.811424077,-0.090986155,0.223872989,0.242926955,1.030137181,-0.016235270,0.000000000,0.000000000,0.000000000,0.000000000,0.000000000,0.000000000,0.000000000,-0.000000000,1.088324904,1.263848305,21.831300735,-0.134621143,-0.978212655,-0.000081901
0.872149299,-0.070081830,-0.811424077,-0.090986155,0.223872989,0.242926955,1.030137181,-0.016235270,0.000000000,0.000000000,0.000000000,0.000000000,0.000000000,0.000000000,0.000000000,-0.000000000,1.088324904,1.263848305,21.831300735,-0.134621143,-0.978212655,-0.000081901
0.877210526,-0.070081830,-0.811424077,-0.090986155,0.223872989,0.242926955,1.030137181,-0.016235270,0.000000000,0.000000000,0.000000000,0.000000000,0.000000000,0.000000000,0.000000000,-0.000000000,1.088324904,1.263848305,21.831300735,-0.134621143,-0.978212655,-0.000081901
0.882373691,-0.070081830,-0.811424077,-0.090986155,0.223872989,0.242926955,1.030137181,-0.016235270,0.000000000,0.000000000,0.000000000,0.000000000,0.000000000,0.000000000,0.000000000,-0.000000000,1.088324904,1.263848305,21.831300735,-0.134621143,-0.978212655,-0.000081901
0.887449945,-0.070081830,-0.811424077,-0.090986155,0.223872989,0.242926955,1.030137181,-0.016235270,0.000000000,0.000000000,0.000000000,0.000000000,0.000000000,0.000000000,0.000000000,-0.000000000,1.088324904,1.263848305,21.831300735,-0.134621143,-0.978212655,-0.000081901
0.892511396,-0.070081830,-0.811424077,-0.090986155,0.223872989,0.242926955,1.030137181,-0.016235270,0.000000000,0.000000000,0.000000000,0.000000000,0.000000000,0.000000000,0.000000000,-0.000000000,1.088324904,1.263848305,21.831300735,-0.134621143,-0.978212655,-0.000081901
0.897575903,-0.070081830,-0.811424077,-0.090986155,0.223872989,0.242926955,1.030137181,-0.016235270,0.000000000,0.000000000,0.000000000,0.000000000,0.000000000,0.000000000,0.000000000,-0.000000000,1.088324904,1.263848305,21.831300735,-0.134621143,-0.978212655,-0.000081901
0.902636901,-0.070081830,-0.811424077,-0.090986155,0.223872989,0.242926955,1.030137181,-0.016235270,0.000000000,0.000000000,0.000000000,0.000000000,0.000000000,0.000000000,0.000000000,-0.000000000,1.088324904,1.263848305,21.831300735,-0.134621143,-0.978212655,-0.000081901
0.907713308,-0.070081830,-0.811424077,-0.090986155,0.223872989,0.242926955,1.030137181,-0.016235270,0.000000000,0.000000000,0.000000000,0.000000000,0.000000000,0.000000000,0.000000000,-0.000000000,1.088324904,1.263848305,21.831300735,-0.134621143,-0.978212655,-0.000081901
0.912776740,-0.070081830,-0.811424077,-0.090986155,0.223872989,0.242926955,1.030137181,-0.016235270,0.000000000,0.000000000,0.000000000,0.000000000,0.000000000,0.000000000,0.000000000,-0.000000000,1.088324904,1.263848305,21.831300735,-0.134621143,-0.978212655,-0.000081901
0.917837462,-0.070081830,-0.811424077,-0.090986155,0.223872989,0.242926955,1.030137181,-0.016235270,0.000000000,0.000000000,0.000000000,0.000000000,0.000000000,0.000000000,0.000000000,-0.000000000,1.088324904,1.263848305,21.831300735,-0.134621143,-0.978212655,-0.000081901
0.922897254,-0.070081830,-0.811424077,-0.090986155,0.223872989,0.242926955,1.030137181,-0.016235270,0.000000000,0.000000000,0.000000000,0.000000000,0.000000000,0.000000000,0.000000000,-0.000000000,1.088324904,1.263848305,21.831300735,-0.134621143,-0.978212655,-0.000081901
0.927962612,-0.070081830,-0.811424077,-0.090986155,0.223872989,0.242926955,1.030137181,-0.016235270,0.000000000,0.000000000,0.000000000,0.000000000,0.000000000,0.000000000,0.000000000,-0.000000000,1.088324904,1.263848305,21.831300735,-0.134621143,-0.978212655,-0.000081901
0.933025027,-0.070081830,-0.811424077,-0.090986155,0.223872989,0.242926955,1.030137181,-0.016235270,0.000000000,0.000000000,0.000000000,0.000000000,0.000000000,0.000000000,0.000000000,-0.000000000,1.088324904,1.263848305,21.831300735,-0.134621143,-0.978212655,-0.000081901
0.938089444,-0.070081830,-0.811424077,-0.090986155,0.223872989,0.242926955,1.030137181,-0.016235270,0.000000000,0.000000000,0.000000000,0.000000000,0.000000000,0.000000000,0.000000000,-0.000000000,1.088324904,1.263848305,21.831300735,-0.134621143,-0.978212655,-0.000081901
0.943147634,-0.070081830,-0.811424077,-0.090986155,0.223872989,0.242926955,1.030137181,-0.016235270,0.000000000,0.000000000,0.000000000,0.000000000,0.000000000,0.000000000,0.000000000,-0.000000000,1.088324904,1.263848305,21.831300735,-0.134621143,-0.978212655,-0.000081901
0.948207010,-0.070081830,-0.811424077,-0.090986155,0.223872989,0.242926955,1.030137181,-0.016235270,0.000000000,0.000000000,0.000000000,0.000000000,0.000000000,0.000000000,0.000000000,-0.000000000,1.088324904,1.263848305,21.831300735,-0.134621143,-0.978212655,-0.000081901
0.953280611,-0.070081830,-0.811424077,-0.090986155,0.223872989,0.242926955,1.030137181,-0.016235270,0.000000000,0.000000000,0.000000000,0.000000000,0.000000000,0.000000000,0.000000000,-0.000000000,1.088324904,1.263848305,21.831300735,-0.134621143,-0.978212655,-0.000081901
0.958345323,-0.070081830,-0.811424077,-0.090986155,0.223872989,0.242926955,1.030137181,-0.016235270,0.000000000,0.000000000,0.000000000,0.000000000,0.000000000,0.000000000,0.000000000,-0.000000000,1.088324904,1.263848305,21.816974640,-0.134621143,-0.978212655,-0.000081901
0.963419918,-0.070081830,-0.811424077,-0.090986155,0.223872989,0.242926955,1.030137181,-0.016235270,0.000000000,0.000000000,0.000000000,0.000000000,0.000000000,0.000000000,0.000000000,-0.000000000,1.088324904,1.263848305,21.816974640,-0.134621143,-0.978212655,-0.000081901
0.968488111,-0.070081830,-0.811424077,-0.090986155,0.223872989,0.242926955,1.030137181,-0.016235270,0.000000000,0.000000000,0.000000000,0.000000000,0.000000000,0.000000000,0.000000000,-0.000000000,1.088324904,1.263848305,21.816974640,-0.134621143,-0.978212655,-0.000081901
0.973547841,-0.070081830,-0.811424077,-0.090986155,0.223872989,0.242926955,1.030137181,-0.016235270,0.000000000,0.000000000,0.000000000,0.000000000,0.000000000,0.000000000,0.000000000,-0.000000000,1.088324904,1.263848305,21.816974640,-0.134621143,-0.978212655,-0.000081901
0.978609432,-0.070081830,-0.811424077,-0.090986155,0.223872989,0.242926955,1.030137181,-0.016235270,0.000000000,0.000000000,0.000000000,0.000000000,0.000000000,0.000000000,0.000000000,-0.000000000,1.088324904,1.263848305,21.831300735,-0.134621143,-0.978212655,-0.000081901
0.983695174,-0.070081830,-0.811424077,-0.090986155,0.223872989,0.242926955,1.030137181,-0.016235270,0.000000000,0.000000000,0.000000000,0.000000000,0.000000000,0.000000000,0.000000000,-0.000000000,1.088324904,1.263848305,21.831300735,-0.134621143,-0.978212655,-0.000081901
0.988756843,-0.070081830,-0.811424077,-0.090986155,0.223872989,0.242926955,1.030137181,-0.016235270,0.000000000,0.000000000,0.000000000,0.000000000,0.000000000,0.000000000,0.000000000,-0.000000000,1.088324904,1.263848305,21.831300735,-0.134621143,-0.978212655,-0.000081901
0.993822307,-0.070081830,-0.811424077,-0.090986155,0.223872989,0.242926955,1.030137181,-0.016235270,0.000000000,0.000000000,0.000000000,0.000000000,0.000000000,0.000000000,0.000000000,-0.000000000,1.088324904,1.263848305,21.831300735,-0.134621143,-0.978212655,-0.000081901
0.998882296,-0.070081830,-0.811424077,-0.090986155,0.223872989,0.242926955,1.030137181,-0.016235270,0.000000000,0.000000000,0.000000000,0.000000000,0.000000000,0.000000000,0.000000000,-0.000000000,1.088324904,1.263848305,21.831300735,-0.134621143,-0.978212655,-0.000081901
1.003950043,-0.070081830,-0.811424077,-0.090986155,0.223872989,0.242926955,1.030137181,-0.016235270,0.000000000,0.000000000,0.000000000,0.000000000,0.000000000,0.000000000,0.000000000,-0.000000000,1.088324904,1.263848305,21.831300735,-0.134621143,-0.978212655,-0.000081901
1.009012728,-0.070081830,-0.811424077,-0.090986155,0.223872989,0.242926955,1.030137181,-0.016235270,0.000000000,0.000000000,0.000000000,0.000000000,0.000000000,0.000000000,0.000000000,-0.000000000,1.088324904,1.263848305,21.831300735,-0.134621143,-0.978212655,-0.000081901
1.014073328,-0.070081830,-0.811424077,-0.090986155,0.223872989,0.242926955,1.030137181,-0.016235270,0.000000000,0.000000000,0.000000000,0.000000000,0.000000000,0.000000000,0.000000000,-0.000000000,1.088324904,1.263848305,21.831300735,-0.134621143,-0.978212655,-0.000081901
1.019132960,-0.070081830,-0.811424077,-0.090986155,0.223872989,0.242926955,1.030137181,-0.016235270,0.000000000,0.000000000,0.000000000,0.000000000,0.000000000,0.000000000,0.000000000,-0.000000000,1.088324904,1.263848305,21.816974640,-0.134621143,-0.978212655,-0.000081901
1.024196761,-0.070081830,-0.811424077,-0.090986155,0.223872989,0.242926955,1.030137181,-0.016235270,0.000000000,0.000000000,0.000000000,0.000000000,0.000000000,0.000000000,0.000000000,-0.000000000,1.088324904,1.263848305,21.802650452,-0.134621143,-0.978212655,-0.000081901
1.029273264,-0.070081830,-0.811424077,-0.090986155,0.223872989,0.242926955,1.030137181,-0.016235270,0.000000000,0.000000000,0.000000000,0.000000000,0.000000000,0.000000000,0.000000000,-0.000000000,1.088324904,1.263848305,21.802650452,-0.134621143,-0.978212655,-0.000081901
1.034335297,-0.070081830,-0.811424077,-0.090986155,0.223872989,0.242926955,1.030137181,-0.016235270,0.000000000,0.000000000,0.000000000,0.000000000,0.000000000,0.000000000,0.000000000,-0.000000000,1.088324904,1.263848305,21.802650452,-0.134621143,-0.978212655,-0.000081901
1.039394047,-0.070081830,-0.811424077,-0.090986155,0.223872989,0.242926955,1.030137181,-0.016235270,0.000000000,0.000000000,0.000000000,0.000000000,0.000000000,0.000000000,0.000000000,-0.000000000,1.088324904,1.263848305,21.816974640,-0.134621143,-0.978212655,-0.000081901
1.044456290,-0.070081830,-0.811424077,-0.090986155,0.223872989,0.242926955,1.030137181,-0.016235270,0.000000000,0.000000000,0.000000000,0.000000000,0.000000000,0.000000000,0.000000000,-0.000000000,1.088324904,1.263848305,21.831300735,-0.134621143,-0.978212655,-0.000081901
1.049515258,-0.070081830,-0.811424077,-0.090986155,0.223872989,0.242926955,1.030137181,-0.016235270,0.000000000,0.000000000,0.000000000,0.000000000,0.000000000,0.000000000,0.000000000,-0.000000000,1.088324904,1.263848305,21.831300735,-0.134621143,-0.978212655,-0.000081901
1.054575076,-0.070081830,-0.811424077,-0.090986155,0.223872989,0.242926955,1.030137181,-0.016235270,0.000000000,0.000000000,0.000000000,0.000000000,0.000000000,0.000000000,0.000000000,-0.000000000,1.088324904,1.263848305,21.831300735,-0.134621143,-0.978212655,-0.000081901
1.059633748,-0.070081830,-0.811424077,-0.090986155,0.223872989,0.242926955,1.030137181,-0.016235270,0.000000000,0.000000000,0.000000000,0.000000000,0.000000000,0.000000000,0.000000000,-0.000000000,1.088324904,1.263848305,21.831300735,-0.134621143,-0.978212655,-0.000081901
1.064692607,-0.070081830,-0.811424077,-0.090986155,0.223872989,0.242926955,1.030137181,-0.016235270,0.000000000,0.000000000,0.000000000,0.000000000,0.000000000,0.000000000,0.000000000,-0.000000000,1.088324904,1.263848305,21.816974640,-0.134621143,-0.978212655,-0.000081901
1.069753302,-0.070081830,-0.811424077,-0.090986155,0.223872989,0.242926955,1.030137181,-0.016235270,0.000000000,0.000000000,0.000000000,0.000000000,0.000000000,0.000000000,0.000000000,-0.000000000,1.088324904,1.263848305,21.816974640,-0.134621143,-0.978212655,-0.000081901
1.074811420,-0.070081830,-0.811424077,-0.090986155,0.223872989,0.242926955,1.030137181,-0.016235270,0.000000000,0.000000000,0.000000000,0.000000000,0.000000000,0.000000000,0.000000000,-0.000000000,1.088324904,1.263848305,21.816974640,-0.134621143,-0.978212655,-0.000081901
1.079874457,-0.070081830,-0.811424077,-0.090986155,0.223872989,0.242926955,1.030137181,-0.016235270,0.000000000,0.000000000,0.000000000,0.000000000,0.000000000,0.000000000,0.000000000,-0.000000000,1.088324904,1.263848305,21.816974640,-0.134621143,-0.978212655,-0.000081901
1.084934895,-0.070081830,-0.811424077,-0.090986155,0.223872989,0.242926955,1.030137181,-0.016235270,0.000000000,0.000000000,0.000000000,0.000000000,0.000000000,0.000000000,0.000000000,-0.000000000,1.088324904,1.263848305,21.816974640,-0.134621143,-0.978212655,-0.000081901
1.089993577,-0.070081830,-0.811424077,-0.090986155,0.223872989,0.242926955,1.030137181,-0.016235270,0.000000000,0.000000000,0.000000000,0.000000000,0.000000000,0.000000000,0.000000000,-0.000000000,1.088324904,1.263848305,21.816974640,-0.134621143,-0.978212655,-0.000081901
1.095052679,-0.070081830,-0.811424077,-0.090986155,0.223872989,0.242926955,1.030137181,-0.016235270,0.000000000,0.000000000,0.000000000,0.000000000,0.000000000,0.000000000,0.000000000,-0.000000000,1.088324904,1.263848305,21.816974640,-0.134621143,-0.978212655,-0.000081901
1.100134456,-0.070081830,-0.811424077,-0.090986155,0.223872989,0.242926955,1.030137181,-0.016235270,0.000000000,0.000000000,0.000000000,0.000000000,0.000000000,0.000000000,0.000000000,-0.000000000,1.088324904,1.263848305,21.816974640,-0.134621143,-0.978212655,-0.000081901
1.105208559,-0.070081830,-0.811424077,-0.090986155,0.223872989,0.242926955,1.030137181,-0.016235270,0.000000000,0.000000000,0.000000000,0.000000000,0.000000000,0.000000000,0.000000000,-0.000000000,1.088324904,1.263848305,21.816974640,-0.134621143,-0.978212655,-0.000081901
1.110280557,-0.070081830,-0.811424077,-0.090986155,0.223872989,0.242926955,1.030137181,-0.016235270,0.000000000,0.000000000,0.000000000,0.000000000,0.000000000,0.000000000,0.000000000,-0.000000000,1.088324904,1.263848305,21.802650452,-0.134621143,-0.978212655,-0.000081901
1.115408278,-0.070081830,-0.811424077,-0.090986155,0.223872989,0.242926955,1.030137181,-0.016235270,0.000000000,0.000000000,0.000000000,0.000000000,0.000000000,0.000000000,0.000000000,-0.000000000,1.088324904,1.263848305,21.802650452,-0.134621143,-0.978212655,-0.000081901
1.120471276,-0.070081830,-0.811424077,-0.090986155,0.223872989,0.242926955,1.030137181,-0.016235270,0.000000000,0.000000000,0.000000000,0.000000000,0.000000000,0.000000000,0.000000000,-0.000000000,1.088324904,1.263848305,21.788324356,-0.134621143,-0.978212655,-0.000081901
1.125530715,-0.070081830,-0.811424077,-0.090986155,0.223872989,0.242926955,1.030137181,-0.016235270,0.000000000,0.000000000,0.000000000,0.000000000,0.000000000,0.000000000,0.000000000,-0.000000000,1.088324904,1.263848305,21.788324356,-0.134621143,-0.978212655,-0.000081901
1.130589050,-0.070081830,-0.811424077,-0.090986155,0.223872989,0.242926955,1.030137181,-0.016235270,0.000000000,0.000000000,0.000000000,0.000000000,0.000000000,0.000000000,0.000000000,-0.000000000,1.088324904,1.263848305,21.788324356,-0.134621143,-0.978212655,-0.000081901
1.135647921,-0.070081830,-0.811424077,-0.090986155,0.223872989,0.242926955,1.030137181,-0.016235270,0.000000000,0.000000000,0.000000000,0.000000000,0.000000000,0.000000000,0.000000000,-0.000000000,1.088324904,1.263848305,21.774000168,-0.134621143,-0.978212655,-0.000081901
1.140706417,-0.070081830,-0.811424077,-0.090986155,0.223872989,0.242926955,1.030137181,-0.016235270,0.000000000,0.000000000,0.000000000,0.000000000,0.000000000,0.000000000,0.000000000,-0.000000000,1.088324904,1.263848305,21.774000168,-0.134621143,-0.978212655,-0.000081901
1.145763342,-0.070081830,-0.811424077,-0.090986155,0.223872989,0.242926955,1.030137181,-0.016235270,0.000000000,0.000000000,0.000000000,0.000000000,0.000000000,0.000000000,0.000000000,-0.000000000,1.088324904,1.263848305,21.788324356,-0.134621143,-0.978212655,-0.000081901
1.150821338,-0.070081830,-0.811424077,-0.090986155,0.223872989,0.242926955,1.030137181,-0.016235270,0.000000000,0.000000000,0.000000000,0.000000000,0.000000000,0.000000000,0.000000000,-0.000000000,1.088324904,1.263848305,21.788324356,-0.134621143,-0.978212655,-0.000081901
1.155886556,-0.070081830,-0.811424077,-0.090986155,0.223872989,0.242926955,1.030137181,-0.016235270,0.000000000,0.000000000,0.000000000,0.000000000,0.000000000,0.000000000,0.000000000,-0.000000000,1.088324904,1.263848305,21.788324356,-0.134621143,-0.978212655,-0.000081901
1.160945423,-0.070081830,-0.811424077,-0.090986155,0.223872989,0.242926955,1.030137181,-0.016235270,0.000000000,0.000000000,0.000000000,0.000000000,0.000000000,0.000000000,0.000000000,-0.000000000,1.088324904,1.263848305,21.788324356,-0.134621143,-0.978212655,-0.000081901
1.166003451,-0.070081830,-0.811424077,-0.090986155,0.223872989,0.242926955,1.030137181,-0.016235270,0.000000000,0.000000000,0.000000000,0.000000000,0.000000000,0.000000000,0.000000000,-0.000000000,1.088324904,1.263848305,21.774000168,-0.134621143,-0.978212655,-0.000081901
1.171064048,-0.070081830,-0.811424077,-0.090986155,0.223872989,0.242926955,1.030137181,-0.016235270,0.000000000,0.000000000,0.000000000,0.000000000,0.000000000,0.000000000,0.000000000,-0.000000000,1.088324904,1.263848305,21.774000168,-0.134621143,-0.978212655,-0.000081901
1.176122174,-0.070081830,-0.811424077,-0.090986155,0.223872989,0.242926955,1.030137181,-0.016235270,0.000000000,0.000000000,0.000000000,0.000000000,0.000000000,0.000000000,0.000000000,-0.000000000,1.088324904,1.263848305,21.788324356,-0.134621143,-0.978212655,-0.000081901
1.181192726,-0.070081830,-0.811424077,-0.090986155,0.223872989,0.242926955,1.030137181,-0.016235270,0.000000000,0.000000000,0.000000000,0.000000000,0.000000000,0.000000000,0.000000000,-0.000000000,1.088324904,1.263848305,21.788324356,-0.134621143,-0.978212655,-0.000081901
1.186251617,-0.070081830,-0.811424077,-0.090986155,0.223872989,0.242926955,1.030137181,-0.016235270,0.000000000,0.000000000,0.000000000,0.000000000,0.000000000,0.000000000,0.000000000,-0.000000000,1.088324904,1.263848305,21.788324356,-0.134621143,-0.978212655,-0.000081901
1.191316282,-0.070081830,-0.811424077,-0.090986155,0.223872989,0.242926955,1.030137181,-0.016235270,0.000000000,0.000000000,0.000000000,0.000000000,0.000000000,0.000000000,0.000000000,-0.000000000,1.088324904,1.263848305,21.788324356,-0.134621143,-0.978212655,-0.000081901
1.196375907,-0.070081830,-0.811424077,-0.090986155,0.223872989,0.242926955,1.030137181,-0.016235270,0.000000000,0.000000000,0.000000000,0.000000000,0.000000000,0.000000000,0.000000000,-0.000000000,1.088324904,1.263848305,21.774000168,-0.134621143,-0.978212655,-0.000081901
1.201434538,-0.070081830,-0.811424077,-0.090986155,0.223872989,0.242926955,1.030137181,-0.016235270,0.000000000,0.000000000,0.000000000,0.000000000,0.000000000,0.000000000,0.000000000,-0.000000000,1.088324904,1.263848305,21.774000168,-0.134621143,-0.978212655,-0.000081901
1.206507170,-0.070081830,-0.811424077,-0.090986155,0.223872989,0.242926955,1.030137181,-0.016235270,0.000000000,0.000000000,0.000000000,0.000000000,0.000000000,0.000000000,0.000000000,-0.000000000,1.088324904,1.263848305,21.774000168,-0.134621143,-0.978212655,-0.000081901
1.211567313,-0.070081830,-0.811424077,-0.090986155,0.223872989,0.242926955,1.030137181,-0.016235270,0.000000000,0.000000000,0.000000000,0.000000000,0.000000000,0.000000000,0.000000000,-0.000000000,1.088324904,1.263848305,21.788324356,-0.134621143,-0.978212655,-0.000081901
1.216625922,-0.070081830,-0.811424077,-0.090986155,0.223872989,0.242926955,1.030137181,-0.016235270,0.000000000,0.000000000,0.000000000,0.000000000,0.000000000,0.000000000,0.000000000,-0.000000000,1.088324904,1.263848305,21.802650452,-0.134621143,-0.978212655,-0.000081901
1.221683305,-0.070081830,-0.811424077,-0.090986155,0.223872989,0.242926955,1.030137181,-0.016235270,0.000000000,0.000000000,0.000000000,0.000000000,0.000000000,0.000000000,0.000000000,-0.000000000,1.088324904,1.263848305,21.802650452,-0.134621143,-0.978212655,-0.000081901
1.226789971,-0.070081830,-0.811424077,-0.090986155,0.223872989,0.242926955,1.030137181,-0.016235270,0.000000000,0.000000000,0.000000000,0.000000000,0.000000000,0.000000000,0.000000000,-0.000000000,1.088324904,1.263848305,21.802650452,-0.134621143,-0.978212655,-0.000081901
1.231857508,-0.070081830,-0.811424077,-0.090986155,0.223872989,0.242926955,1.030137181,-0.016235270,0.000000000,0.000000000,0.000000000,0.000000000,0.000000000,0.000000000,0.000000000,-0.000000000,1.088324904,1.263848305,21.788324356,-0.134621143,-0.978212655,-0.000081901
1.236916590,-0.070081830,-0.811424077,-0.090986155,0.223872989,0.242926955,1.030137181,-0.016235270,0.000000000,0.000000000,0.000000000,0.000000000,0.000000000,0.000000000,0.000000000,-0.000000000,1.088324904,1.263848305,21.774000168,-0.134621143,-0.978212655,-0.000081901
1.241976885,-0.070081830,-0.811424077,-0.090986155,0.223872989,0.242926955,1.030137181,-0.016235270,0.000000000,0.000000000,0.000000000,0.000000000,0.000000000,0.000000000,0.000000000,-0.000000000,1.088324904,1.263848305,21.774000168,-0.134621143,-0.978212655,-0.000081901
1.247046079,-0.070081830,-0.811424077,-0.090986155,0.223872989,0.242926955,1.030137181,-0.016235270,0.000000000,0.000000000,0.000000000,0.000000000,0.000000000,0.000000000,0.000000000,-0.000000000,1.088324904,1.263848305,21.774000168,-0.134621143,-0.978212655,-0.000081901
1.252116510,-0.070081830,-0.811424077,-0.090986155,0.223872989,0.242926955,1.030137181,-0.016235270,0.000000000,0.000000000,0.000000000,0.000000000,0.000000000,0.000000000,0.000000000,-0.000000000,1.088324904,1.263848305,21.774000168,-0.134621143,-0.978212655,-0.000081901
1.257202529,-0.070081830,-0.811424077,-0.090986155,0.223872989,0.242926955,1.030137181,-0.016235270,0.000000000,0.000000000,0.000000000,0.000000000,0.000000000,0.000000000,0.000000000,-0.000000000,1.088324904,1.263848305,21.774000168,-0.134621143,-0.978212655,-0.000081901
1.262283152,-0.070081830,-0.811424077,-0.090986155,0.223872989,0.242926955,1.030137181,-0.016235270,0.000000000,0.000000000,0.000000000,0.000000000,0.000000000,0.000000000,0.000000000,-0.000000000,1.088324904,1.263848305,21.774000168,-0.134621143,-0.978212655,-0.000081901
1.267354175,-0.070081830,-0.811424077,-0.090986155,0.223872989,0.242926955,1.030137181,-0.016235270,0.000000000,0.000000000,0.000000000,0.000000000,0.000000000,0.000000000,0.000000000,-0.000000000,1.088324904,1.263848305,21.774000168,-0.134621143,-0.978212655,-0.000081901
1.272421588,-0.070081830,-0.811424077,-0.090986155,0.223872989,0.242926955,1.030137181,-0.016235270,0.000000000,0.000000000,0.000000000,0.000000000,0.000000000,0.000000000,0.000000000,-0.000000000,1.088324904,1.263848305,21.774000168,-0.134621143,-0.978212655,-0.000081901
1.277505070,-0.070081830,-0.811424077,-0.090986155,0.223872989,0.242926955,1.030137181,-0.016235270,0.000000000,0.000000000,0.000000000,0.000000000,0.000000000,0.000000000,0.000000000,-0.000000000,1.088324904,1.263848305,21.774000168,-0.134621143,-0.978212655,-0.000081901
1.282575571,-0.070081830,-0.811424077,-0.090986155,0.223872989,0.242926955,1.030137181,-0.016235270,0.000000000,0.000000000,0.000000000,0.000000000,0.000000000,0.000000000,0.000000000,-0.000000000,1.088324904,1.263848305,21.774000168,-0.134621143,-0.978212655,-0.000081901
1.287643839,-0.070081830,-0.811424077,-0.090986155,0.223872989,0.242926955,1.030137181,-0.016235270,0.000000000,0.000000000,0.000000000,0.000000000,0.000000000,0.000000000,0.000000000,-0.000000000,1.088324904,1.263848305,21.774000168,-0.134621143,-0.978212655,-0.000081901
1.292709866,-0.070081830,-0.811424077,-0.090986155,0.223872989,0.242926955,1.030137181,-0.016235270,0.000000000,0.000000000,0.000000000,0.000000000,0.000000000,0.000000000,0.000000000,-0.000000000,1.088324904,1.263848305,21.774000168,-0.134621143,-0.978212655,-0.000081901
1.297779481,-0.070081830,-0.811424077,-0.090986155,0.223872989,0.242926955,1.030137181,-0.016235270,0.000000000,0.000000000,0.000000000,0.000000000,0.000000000,0.000000000,0.000000000,-0.000000000,1.088324904,1.263848305,21.774000168,-0.134621143,-0.978212655,-0.000081901
1.302845323,-0.070081830,-0.811424077,-0.090986155,0.223872989,0.242926955,1.030137181,-0.016235270,0.000000000,0.000000000,0.000000000,0.000000000,0.000000000,0.000000000,0.000000000,-0.000000000,1.088324904,1.263848305,21.774000168,-0.134621143,-0.978212655,-0.000081901
1.307912880,-0.070081830,-0.811424077,-0.090986155,0.223872989,0.242926955,1.030137181,-0.016235270,0.000000000,0.000000000,0.000000000,0.000000000,0.000000000,0.000000000,0.000000000,-0.000000000,1.088324904,1.263848305,21.774000168,-0.134621143,-0.978212655,-0.000081901
1.312978565,-0.070081830,-0.811424077,-0.090986155,0.223872989,0.242926955,1.030137181,-0.016235270,0.000000000,0.000000000,0.000000000,0.000000000,0.000000000,0.000000000,0.000000000,-0.000000000,1.088324904,1.263848305,21.774000168,-0.134621143,-0.978212655,-0.000081901
1.318054032,-0.070081830,-0.811424077,-0.090986155,0.223872989,0.242926955,1.030137181,-0.016235270,0.000000000,0.000000000,0.000000000,0.000000000,0.000000000,0.000000000,0.000000000,-0.000000000,1.088324904,1.263848305,21.774000168,-0.134621143,-0.978212655,-0.000081901
1.323130678,-0.070081830,-0.811424077,-0.090986155,0.223872989,0.242926955,1.030137181,-0.016235270,0.000000000,0.000000000,0.000000000,0.000000000,0.000000000,0.000000000,0.000000000,-0.000000000,1.088324904,1.263848305,21.774000168,-0.134621143,-0.978212655,-0.000081901
1.328350661,-0.070081830,-0.811424077,-0.090986155,0.223872989,0.242926955,1.030137181,-0.016235270,0.000000000,0.000000000,0.000000000,0.000000000,0.000000000,0.000000000,0.000000000,-0.000000000,1.088324904,1.263848305,21.774000168,-0.134621143,-0.978212655,-0.000081901
1.333468190,-0.070081830,-0.811424077,-0.090986155,0.223872989,0.242926955,1.030137181,-0.016235270,0.000000000,0.000000000,0.000000000,0.000000000,0.000000000,0.000000000,0.000000000,-0.000000000,1.088324904,1.263848305,21.774000168,-0.134621143,-0.978212655,-0.000081901
1.338534902,-0.070081830,-0.811424077,-0.090986155,0.223872989,0.242926955,1.030137181,-0.016235270,0.000000000,0.000000000,0.000000000,0.000000000,0.000000000,0.000000000,0.000000000,-0.000000000,1.088324904,1.263848305,21.774000168,-0.134621143,-0.978212655,-0.000081901
1.343594424,-0.070081830,-0.811424077,-0.090986155,0.223872989,0.242926955,1.030137181,-0.016235270,0.000000000,0.000000000,0.000000000,0.000000000,0.000000000,0.000000000,0.000000000,-0.000000000,1.088324904,1.263848305,21.774000168,-0.134621143,-0.978212655,-0.000081901
1.348657553,-0.070081830,-0.811424077,-0.090986155,0.223872989,0.242926955,1.030137181,-0.016235270,0.000000000,0.000000000,0.000000000,0.000000000,0.000000000,0.000000000,0.000000000,-0.000000000,1.088324904,1.263848305,21.774000168,-0.134621143,-0.978212655,-0.000081901
1.353716937,-0.070081830,-0.811424077,-0.090986155,0.223872989,0.242926955,1.030137181,-0.016235270,0.000000000,0.000000000,0.000000000,0.000000000,0.000000000,0.000000000,0.000000000,-0.000000000,1.088324904,1.263848305,21.774000168,-0.134621143,-0.978212655,-0.000081901
1.358792476,-0.070081830,-0.811424077,-0.090986155,0.223872989,0.242926955,1.030137181,-0.016235270,0.000000000,0.000000000,0.000000000,0.000000000,0.000000000,0.000000000,0.000000000,-0.000000000,1.088324904,1.263848305,21.774000168,-0.134621143,-0.978212655,-0.000081901
1.363868231,-0.070081830,-0.811424077,-0.090986155,0.223872989,0.242926955,1.030137181,-0.016235270,0.000000000,0.000000000,0.000000000,0.000000000,0.000000000,0.000000000,0.000000000,-0.000000000,1.088324904,1.263848305,21.774000168,-0.134621143,-0.978212655,-0.000081901
1.368943689,-0.070081830,-0.811424077,-0.090986155,0.223872989,0.242926955,1.030137181,-0.016235270,0.000000000,0.000000000,0.000000000,0.000000000,0.000000000,0.000000000,0.000000000,-0.000000000,1.088324904,1.263848305,21.774000168,-0.134621143,-0.978212655,-0.000081901
1.374018464,-0.070081830,-0.811424077,-0.090986155,0.223872989,0.242926955,1.030137181,-0.016235270,0.000000000,0.000000000,0.000000000,0.000000000,0.000000000,0.000000000,0.000000000,-0.000000000,1.088324904,1.263848305,21.774000168,-0.134621143,-0.978212655,-0.000081901
1.379083030,-0.070081830,-0.811424077,-0.090986155,0.223872989,0.242926955,1.030137181,-0.016235270,0.000000000,0.000000000,0.000000000,0.000000000,0.000000000,0.000000000,0.000000000,-0.000000000,1.088324904,1.263848305,21.774000168,-0.134621143,-0.978212655,-0.000081901
1.384158440,-0.070081830,-0.811424077,-0.090986155,0.223872989,0.242926955,1.030137181,-0.016235270,0.000000000,0.000000000,0.000000000,0.000000000,0.000000000,0.000000000,0.000000000,-0.000000000,1.088324904,1.263848305,21.774000168,-0.134621143,-0.978212655,-0.000081901
1.389236189,-0.070081830,-0.811424077,-0.090986155,0.223872989,0.242926955,1.030137181,-0.016235270,0.000000000,0.000000000,0.000000000,0.000000000,0.000000000,0.000000000,0.000000000,-0.000000000,1.088324904,1.263848305,21.774000168,-0.134621143,-0.978212655,-0.000081901
1.394312307,-0.070081830,-0.811424077,-0.090986155,0.223872989,0.242926955,1.030137181,-0.016235270,0.000000000,0.000000000,0.000000000,0.000000000,0.000000000,0.000000000,0.000000000,-0.000000000,1.088324904,1.263848305,21.774000168,-0.134621143,-0.978212655,-0.000081901
1.399383448,-0.070081830,-0.811424077,-0.090986155,0.223872989,0.242926955,1.030137181,-0.016235270,0.000000000,0.000000000,0.000000000,0.000000000,0.000000000,0.000000000,0.000000000,-0.000000000,1.088324904,1.263848305,21.774000168,-0.134621143,-0.978212655,-0.000081901
1.404453925,-0.070081830,-0.811424077,-0.090986155,0.223872989,0.242926955,1.030137181,-0.016235270,0.000000000,0.000000000,0.000000000,0.000000000,0.000000000,0.000000000,0.000000000,-0.000000000,1.088324904,1.263848305,21.774000168,-0.134621143,-0.978212655,-0.000081901
