step_idx	obs	direct_joint_command
0	[7.669904334761668e-06, -0.5235955715179443, -3.834952167380834e-06, 0.7853924036026001, -5.7524280236975756e-06, 1.3089879751205444, -5.7524280236975756e-06, 0.4490000009536743, 0.0, 0.0, 0.0, 0.0, 0.0, 0.0, 0.0, 0.8399999737739563, -0.004516995511949062, -0.47795775532722473, -0.005998285952955484, 0.857609748840332, -0.03215895593166351, 1.2798911333084106, 0.0500529482960701, 0.009999999776482582]	[-0.020387772470712662, -0.5278363227844238, -0.009576117619872093, 0.7185803651809692, 0.009714907966554165, 1.2463327646255493, -0.08653654903173447, 491.0]
1	[-4.793690095539205e-05, -0.5235955715179443, -2.3009712094790302e-05, 0.7853214740753174, -3.834952167380834e-06, 1.3089381456375122, -7.478156476281583e-05, 0.3479999899864197, -0.10062994807958603, -0.018771996721625328, -0.04448075219988823, -0.2344817966222763, 0.0446598194539547, -0.233133003115654, -0.23450641334056854, 0.8399999737739563, -0.004516995511949062, -0.47795775532722473, -0.005998285952955484, 0.857609748840332, -0.03215895593166351, 1.2798911333084106, 0.0500529482960701, 0.009999999776482582]	[-0.020382732152938843, -0.5222341418266296, -0.007940279319882393, 0.7251253724098206, 0.003844144055619836, 1.2380666732788086, -0.09841204434633255, 592.0]
2	[-0.006691991351544857, -0.5248457789421082, -0.0031120635103434324, 0.7643826007843018, 0.003110146149992943, 1.2887299060821533, -0.027763133868575096, 0.31700000166893005, -0.08449604362249374, 0.032657116651535034, -0.02359789051115513, -0.22759515047073364, -0.014214370399713516, -0.433059424161911, -0.6220077276229858, 0.8399999737739563, -0.004516995511949062, -0.47795775532722473, -0.005998285952955484, 0.857609748840332, -0.03215895593166351, 1.2798911333084106, 0.0500529482960701, 0.009999999776482582]	[-0.022799968719482422, -0.5211299061775208, -0.007263460196554661, 0.7078741788864136, -0.002979191020131111, 1.2149622440338135, -0.12299065291881561, 623.0]
3	[-0.015757817775011063, -0.5240864753723145, -0.006256724242120981, 0.7358965873718262, 0.004222282208502293, 1.2531894445419312, -0.07882935553789139, 0.23000000417232513, -0.01502632349729538, 0.00874656904488802, 0.00172860745806247, 0.03700152784585953, -0.04179210960865021, -0.009860786609351635, -0.022632533684372902, 0.8399999737739563, -0.004516995511949062, -0.47795775532722473, -0.005998285952955484, 0.857609748840332, -0.03215895593166351, 1.2798911333084106, 0.0500529482960701, 0.009999999776482582]	[-0.03314053639769554, -0.5168437361717224, -0.012696908786892891, 0.6820135712623596, 0.005831011570990086, 1.1808873414993286, -0.1788293570280075, 710.0]
4	[-0.020601361989974976, -0.5224450826644897, -0.007311335764825344, 0.723423421382904, 0.001432354561984539, 1.2336676120758057, -0.10306241363286972, 0.1850000023841858, -0.07364623993635178, 0.029236190021038055, -0.032878655940294266, -0.24228520691394806, 0.04563552513718605, -0.31518682837486267, -0.5274961590766907, 0.8399999737739563, -0.004516995511949062, -0.47795775532722473, -0.005998285952955484, 0.857609748840332, -0.03215895593166351, 1.2798911333084106, 0.0500529482960701, 0.009999999776482582]	[-0.034117721021175385, -0.50953209400177, -0.009179330430924892, 0.6727913618087769, -0.005825218744575977, 1.1578603982925415, -0.20306241512298584, 755.0]
5	[-0.026200391352176666, -0.5196934938430786, -0.009338107891380787, 0.7013916373252869, 0.0016202671686187387, 1.2039927244186401, -0.14596019685268402, 0.10199999809265137, -0.04199330881237984, 0.0870327353477478, 0.014872114174067974, -0.17966395616531372, -0.10395728796720505, -0.412892609834671, -0.4370196759700775, 0.8399999737739563, -0.004516995511949062, -0.47795775532722473, -0.005998285952955484, 0.857609748840332, -0.03215895593166351, 1.2798911333084106, 0.0500529482960701, 0.009999999776482582]	[-0.037486180663108826, -0.5031799674034119, -0.008799423463642597, 0.6583083868026733, -0.010749789886176586, 1.1273988485336304, -0.24596020579338074, 790.0]
6	[-0.03171505406498909, -0.5131837129592896, -0.009863496758043766, 0.6809110641479492, -0.0021686654072254896, 1.1707648038864136, -0.1881120651960373, 0.05700000002980232, -0.01765289343893528, 0.05659622326493263, 0.0024768866132944822, -0.0508539117872715, -0.0271786879748106, -0.0511445589363575, -0.0511445589363575, 0.8399999737739563, -0.004516995511949062, -0.47795775532722473, -0.005998285952955484, 0.857609748840332, -0.03215895593166351, 1.2798911333084106, 0.0500529482960701, 0.009999999776482582]	[-0.043625276535749435, -0.49328094720840454, -0.01051201019436121, 0.6374183893203735, -0.0062348498031497, 1.0989958047866821, -0.288112074136734, 790.0]
7	[-0.035028450191020966, -0.5068406462669373, -0.009347695857286453, 0.6695883870124817, -0.00680895708501339, 1.1507290601730347, -0.21358956396579742, 0.04899999871850014, -0.05344858020544052, 0.08303425461053848, -0.009591322392225266, -0.2350599765777588, 0.01716327853500843, -0.3781583607196808, -0.6198655962944031, 0.8399999737739563, -0.004516995511949062, -0.47795775532722473, -0.005998285952955484, 0.857609748840332, -0.03215895593166351, 1.2798911333084106, 0.0500529482960701, 0.009999999776482582]	[-0.04195765405893326, -0.4873546063899994, -0.006406102329492569, 0.6291249990463257, -0.01485162042081356, 1.0776418447494507, -0.3100808262825012, 790.0]
8	[-0.03928908333182335, -0.4996386468410492, -0.009462743997573853, 0.6515372395515442, -0.007520340848714113, 1.119192361831665, -0.2609761655330658, 0.04899999871850014, 0.0014090215554460883, 0.06037488579750061, 0.02631531096994877, -0.07682709395885468, -0.06286217272281647, -0.20184031128883362, -0.14654526114463806, 0.8399999737739563, -0.004516995511949062, -0.47795775532722473, -0.005998285952955484, 0.857609748840332, -0.03215895593166351, 1.2798911333084106, 0.0500529482960701, 0.009999999776482582]	[-0.048678088933229446, -0.48111945390701294, -0.008801229298114777, 0.6080607175827026, -0.013419777154922485, 1.0525237321853638, -0.3519965410232544, 790.0]
9	[-0.041722360998392105, -0.49197831749916077, -0.008482913486659527, 0.6358043551445007, -0.010839492082595825, 1.0909115076065063, -0.2950688600540161, 0.04899999871850014, -0.04221728816628456, 0.047605205327272415, -0.010205660946667194, -0.15782438218593597, 0.002760327886790037, -0.06977016478776932, -0.2387028932571411, 0.8399999737739563, -0.004516995511949062, -0.47795775532722473, -0.005998285952955484, 0.857609748840332, -0.03215895593166351, 1.2798911333084106, 0.0500529482960701, 0.009999999776482582]	[-0.050252076238393784, -0.47214609384536743, -0.0075536323711276054, 0.5894642472267151, -0.013755768537521362, 1.0282504558563232, -0.37785887718200684, 790.0]
10	[-0.04457172751426697, -0.4860399067401886, -0.007932597771286964, 0.6212641596794128, -0.013199904933571815, 1.0709812641143799, -0.32615116238594055, 0.04899999871850014, -0.03246617317199707, 0.11143500357866287, 0.004871715325862169, -0.28778696060180664, -0.0010799434967339039, -0.3919028639793396, -0.43245625495910645, 0.8399999737739563, -0.004516995511949062, -0.47795775532722473, -0.005998285952955484, 0.857609748840332, -0.03215895593166351, 1.2798911333084106, 0.0500529482960701, 0.009999999776482582]	[-0.04987946152687073, -0.46843263506889343, -0.006917672231793404, 0.5767421126365662, -0.013052286580204964, 1.0108826160430908, -0.39759835600852966, 790.0]
11	[-0.04821684956550598, -0.4771600663661957, -0.007846311666071415, 0.5998286604881287, -0.013579565100371838, 1.0413658618927002, -0.3629532754421234, 0.04899999871850014, 0.0012805950827896595, 0.024851122871041298, 0.00440478278324008, 0.037792399525642395, 0.0040371716022491455, -0.028040055185556412, -0.028040055185556412, 0.8399999737739563, -0.004516995511949062, -0.47795775532722473, -0.005998285952955484, 0.857609748840332, -0.03215895593166351, 1.2798911333084106, 0.0500529482960701, 0.009999999776482582]	[-0.05638828128576279, -0.46073341369628906, -0.008882150985300541, 0.5523512959480286, -0.015128838829696178, 0.9851314425468445, -0.4266393184661865, 790.0]
12	[-0.04977959394454956, -0.47122931480407715, -0.007416797336190939, 0.5875089168548584, -0.013592987321317196, 1.023098111152649, -0.3836984634399414, 0.04899999871850014, -0.05485085770487785, 0.07398554682731628, -0.013114454224705696, -0.2828429341316223, -0.014137785881757736, -0.3095756769180298, -0.35830551385879517, 0.8399999737739563, -0.004516995511949062, -0.47795775532722473, -0.005998285952955484, 0.857609748840332, -0.03215895593166351, 1.2798911333084106, 0.0500529482960701, 0.009999999776482582]	[-0.05392472445964813, -0.45549705624580383, -0.007432458456605673, 0.5420665740966797, -0.010993643663823605, 0.9699862003326416, -0.4373577833175659, 790.0]
13	[-0.05321379378437996, -0.464968740940094, -0.007811797317117453, 0.564970850944519, -0.014106870628893375, 0.9982360601425171, -0.41194286942481995, 0.04899999871850014, 0.015592114999890327, 0.04269307479262352, 0.007717031519860029, 0.01339846570044756, 0.027814611792564392, -0.03474956378340721, 0.009292245842516422, 0.8399999737739563, -0.004516995511949062, -0.47795775532722473, -0.005998285952955484, 0.857609748840332, -0.03215895593166351, 1.2798911333084106, 0.0500529482960701, 0.009999999776482582]	[-0.0594974048435688, -0.4483053684234619, -0.009410953149199486, 0.5169001817703247, -0.014598206616938114, 0.9486777782440186, -0.456020325422287, 790.0]
14	[-0.05478804185986519, -0.45940807461738586, -0.008055316284298897, 0.551630973815918, -0.013399322517216206, 0.981717050075531, -0.4271753132343292, 0.04899999871850014, -0.04571133106946945, 0.0783577486872673, -0.013146348297595978, -0.34314805269241333, -0.023145506158471107, -0.2783581614494324, -0.23065833747386932, 0.8399999737739563, -0.004516995511949062, -0.47795775532722473, -0.005998285952955484, 0.857609748840332, -0.03215895593166351, 1.2798911333084106, 0.0500529482960701, 0.009999999776482582]	[-0.05798337236046791, -0.44272637367248535, -0.00862058438360691, 0.5054993033409119, -0.009910640306770802, 0.9361101388931274, -0.4632025957107544, 790.0]
15	[-0.05719063803553581, -0.4522712230682373, -0.008588374592363834, 0.5284045934677124, -0.013324541039764881, 0.9596123695373535, -0.44612956047058105, 0.04899999871850014, 0.010946069844067097, 0.04429709166288376, 0.004046316258609295, -0.008494528010487556, 0.03558560833334923, -0.021831683814525604, 0.03686441853642464, 0.8399999737739563, -0.004516995511949062, -0.47795775532722473, -0.005998285952955484, 0.857609748840332, -0.03215895593166351, 1.2798911333084106, 0.0500529482960701, 0.009999999776482582]	[-0.06162304803729057, -0.43602830171585083, -0.010160067118704319, 0.48232901096343994, -0.013798465020954609, 0.9155769348144531, -0.4747591018676758, 790.0]
16	[-0.058475349098443985, -0.44624075293540955, -0.008868326433002949, 0.5141366720199585, -0.012352379970252514, 0.9450049996376038, -0.4564877450466156, 0.04899999871850014, -0.027898311614990234, 0.06641038507223129, -0.01077417191118002, -0.26776015758514404, -0.028134901076555252, -0.22069405019283295, -0.12112593650817871, 0.8399999737739563, -0.004516995511949062, -0.47795775532722473, -0.005998285952955484, 0.857609748840332, -0.03215895593166351, 1.2798911333084106, 0.0500529482960701, 0.009999999776482582]	[-0.060476358979940414, -0.43113112449645996, -0.0096933888271451, 0.4706602394580841, -0.009663055650889874, 0.9043198227882385, -0.4800451397895813, 790.0]
17	[-0.0600227490067482, -0.43972519040107727, -0.009441651403903961, 0.4932495951652527, -0.012275680899620056, 0.9258571267127991, -0.4685448408126831, 0.04899999871850014, 0.006101683713495731, 0.03988718241453171, 0.0016926820389926434, -0.014973201788961887, 0.03068752959370613, -0.010363748297095299, -0.04252007603645325, 0.8399999737739563, -0.004516995511949062, -0.47795775532722473, -0.005998285952955484, 0.857609748840332, -0.03215895593166351, 1.2798911333084106, 0.0500529482960701, 0.009999999776482582]	[-0.06114953011274338, -0.4258977770805359, -0.010290883481502533, 0.4517403244972229, -0.010979652404785156, 0.885846734046936, -0.4890368580818176, 790.0]
18	[-0.06074755638837814, -0.43407246470451355, -0.009748447686433792, 0.47844284772872925, -0.011669758707284927, 0.9117808938026428, -0.47671136260032654, 0.04899999871850014, -0.003671454731374979, 0.05739963427186012, -0.004243660252541304, -0.2520998418331146, -0.0053392439149320126, -0.24477225542068481, -0.10210686177015305, 0.8399999737739563, -0.004516995511949062, -0.47795775532722473, -0.005998285952955484, 0.857609748840332, -0.03215895593166351, 1.2798911333084106, 0.0500529482960701, 0.009999999776482582]	[-0.06088155508041382, -0.42095232009887695, -0.010201159864664078, 0.43930327892303467, -0.008489076048135757, 0.8755648136138916, -0.4916309118270874, 790.0]
19	[-0.0609220452606678, -0.4283430576324463, -0.01001881156116724, 0.4596285820007324, -0.01090852078050375, 0.8937087059020996, -0.4848376512527466, 0.04899999871850014, 0.0014779713237658143, 0.03947572782635689, 0.00016373489052057266, -0.051519833505153656, 0.01880965568125248, -0.051519833505153656, 0.07055426388978958, 0.8399999737739563, -0.004516995511949062, -0.47795775532722473, -0.005998285952955484, 0.857609748840332, -0.03215895593166351, 1.2798911333084106, 0.0500529482960701, 0.009999999776482582]	[-0.06224936619400978, -0.4158850908279419, -0.010646910406649113, 0.42194628715515137, -0.010837814770638943, 0.8591745495796204, -0.4962855279445648, 790.0]
20	[-0.06098724156618118, -0.4234553873538971, -0.010164540261030197, 0.44654372334480286, -0.009650656953454018, 0.8816937804222107, -0.4884079694747925, 0.04899999871850014, -0.009300359524786472, 0.057611025869846344, -0.0029502450488507748, -0.090282142162323, -0.015586293302476406, -0.14990432560443878, -0.037831615656614304, 0.8399999737739563, -0.004516995511949062, -0.47795775532722473, -0.005998285952955484, 0.857609748840332, -0.03215895593166351, 1.2798911333084106, 0.0500529482960701, 0.009999999776482582]	[-0.05999128520488739, -0.41421955823898315, -0.010227922350168228, 0.41268545389175415, -0.007336826995015144, 0.8486168384552002, -0.5003350973129272, 790.0]
21	[-0.06151838228106499, -0.4180883765220642, -0.010390802286565304, 0.43119239807128906, -0.009593131951987743, 0.8671957850456238, -0.49361202120780945, 0.04899999871850014, 0.021850738674402237, 0.019754275679588318, 0.0030035802628844976, -0.13590866327285767, 0.03735272213816643, -0.1685088574886322, -0.05227828025817871, 0.8399999737739563, -0.004516995511949062, -0.47795775532722473, -0.005998285952955484, 0.857609748840332, -0.03215895593166351, 1.2798911333084106, 0.0500529482960701, 0.009999999776482582]	[-0.059786614030599594, -0.4086627662181854, -0.010025984607636929, 0.3992655277252197, -0.00664095114916563, 0.8364490270614624, -0.5032983422279358, 790.0]
22	[-0.06114830821752548, -0.4152006506919861, -0.01042339950799942, 0.41736358404159546, -0.008504006080329418, 0.8535107374191284, -0.49843829870224, 0.04899999871850014, 0.002308865776285529, 0.05863795056939125, 0.0015655194874852896, -0.1523982286453247, 0.005889419000595808, -0.14112909138202667, -0.028145140036940575, 0.8399999737739563, -0.004516995511949062, -0.47795775532722473, -0.005998285952955484, 0.857609748840332, -0.03215895593166351, 1.2798911333084106, 0.0500529482960701, 0.009999999776482582]	[-0.05899059772491455, -0.4058989882469177, -0.009708881378173828, 0.38689330220222473, -0.0050919754430651665, 0.8256626129150391, -0.5065485239028931, 790.0]
23	[-0.0600917786359787, -0.410940021276474, -0.010319855995476246, 0.40507638454437256, -0.007111918646842241, 0.8418889045715332, -0.5018648505210876, 0.04899999871850014, 0.005899944342672825, 0.03256933391094208, 0.002430808264762163, -0.07283688336610794, 0.012090638279914856, -0.07277044653892517, -0.02593730203807354, 0.8399999737739563, -0.004516995511949062, -0.47795775532722473, -0.005998285952955484, 0.857609748840332, -0.03215895593166351, 1.2798911333084106, 0.0500529482960701, 0.009999999776482582]	[-0.057244762778282166, -0.40344691276550293, -0.009265881963074207, 0.37731310725212097, -0.003775176126509905, 0.8149366974830627, -0.5102371573448181, 790.0]
24	[-0.05941682681441307, -0.40726038813591003, -0.009944030083715916, 0.3938399851322174, -0.0059211659245193005, 0.8317512273788452, -0.5048906207084656, 0.04899999871850014, 0.017024533823132515, 0.023870788514614105, 0.004305643029510975, -0.09841486066579819, 0.014004671014845371, -0.12437625974416733, -0.03917146474123001, 0.8399999737739563, -0.004516995511949062, -0.47795775532722473, -0.005998285952955484, 0.857609748840332, -0.03215895593166351, 1.2798911333084106, 0.0500529482960701, 0.009999999776482582]	[-0.055931221693754196, -0.4009586572647095, -0.008666657842695713, 0.36848121881484985, -0.0022202092222869396, 0.8065218329429626, -0.5123873353004456, 790.0]
25	[-0.058043915778398514, -0.40452414751052856, -0.009520268067717552, 0.3821970522403717, -0.004475389141589403, 0.8201197981834412, -0.5083401203155518, 0.04899999871850014, 0.011734074912965298, 0.029469488188624382, 0.005273117683827877, -0.09017765522003174, 0.013861795887351036, -0.08875475823879242, 0.031126363202929497, 0.8399999737739563, -0.004516995511949062, -0.47795775532722473, -0.005998285952955484, 0.857609748840332, -0.03215895593166351, 1.2798911333084106, 0.0500529482960701, 0.009999999776482582]	[-0.055243585258722305, -0.39790740609169006, -0.00818147324025631, 0.35796239972114563, -0.001693521160632372, 0.7973504662513733, -0.514134407043457, 790.0]
26	[-0.056651826947927475, -0.4019278883934021, -0.009021724574267864, 0.3730066120624542, -0.0029778401367366314, 0.810960054397583, -0.5103304982185364, 0.04899999871850014, 0.005983786657452583, 0.02638210915029049, 0.004170368425548077, -0.07861900329589844, 0.004630812909454107, -0.07762279361486435, 0.055480945855379105, 0.8399999737739563, -0.004516995511949062, -0.47795775532722473, -0.005998285952955484, 0.857609748840332, -0.03215895593166351, 1.2798911333084106, 0.0500529482960701, 0.009999999776482582]	[-0.05391726270318031, -0.3961098790168762, -0.007555070333182812, 0.35051229596138, -0.0005339155904948711, 0.7897765040397644, -0.5158460736274719, 790.0]
27	[-0.055681586265563965, -0.39924150705337524, -0.008498253300786018, 0.36316612362861633, -0.0020306070800870657, 0.8019919991493225, -0.5119143128395081, 0.04899999871850014, 0.0119919553399086, 0.016948411241173744, 0.005686896853148937, -0.05806520953774452, 0.010393260978162289, -0.05806568264961243, 0.038570336997509, 0.8399999737739563, -0.004516995511949062, -0.47795775532722473, -0.005998285952955484, 0.857609748840332, -0.03215895593166351, 1.2798911333084106, 0.0500529482960701, 0.009999999776482582]	[-0.05221669375896454, -0.3944099545478821, -0.006773294880986214, 0.34279459714889526, 0.0009494910482317209, 0.7820010781288147, -0.518181324005127, 790.0]
28	[-0.05450425669550896, -0.3969501256942749, -0.007873156107962132, 0.354336142539978, -0.0009951700922101736, 0.7936221957206726, -0.5140254497528076, 0.04899999871850014, 0.015897637233138084, 0.01998499035835266, 0.007215134333819151, -0.09841158986091614, 0.013816006481647491, -0.0988595262169838, 0.007897133938968182, 0.8399999737739563, -0.004516995511949062, -0.47795775532722473, -0.005998285952955484, 0.857609748840332, -0.03215895593166351, 1.2798911333084106, 0.0500529482960701, 0.009999999776482582]	[-0.05035235360264778, -0.3926043212413788, -0.005907789804041386, 0.33575132489204407, 0.002821218455210328, 0.7753654718399048, -0.5200855731964111, 790.0]
29	[-0.05290699750185013, -0.39496171474456787, -0.007111918646842241, 0.34611207246780396, 0.00036815539351664484, 0.7854019999504089, -0.5165871977806091, 0.04899999871850014, 0.022502906620502472, 0.019733835011720657, 0.008858829736709595, -0.12041076272726059, 0.02260521613061428, -0.11205819994211197, -0.023056840524077415, 0.8399999737739563, -0.004516995511949062, -0.47795775532722473, -0.005998285952955484, 0.857609748840332, -0.03215895593166351, 1.2798911333084106, 0.0500529482960701, 0.009999999776482582]	[-0.04805483669042587, -0.3908788561820984, -0.0049100411124527454, 0.32914474606513977, 0.004929639399051666, 0.7687643766403198, -0.522462010383606, 790.0]
30	[-0.051085393875837326, -0.3932570815086365, -0.006252889055758715, 0.33857831358909607, 0.0021034711971879005, 0.7781117558479309, -0.5191892385482788, 0.04899999871850014, 0.029637668281793594, 0.02123418264091015, 0.011508694849908352, -0.12689244747161865, 0.02678299881517887, -0.1267203688621521, -0.030852288007736206, 0.8399999737739563, -0.004516995511949062, -0.47795775532722473, -0.005998285952955484, 0.857609748840332, -0.03215895593166351, 1.2798911333084106, 0.0500529482960701, 0.009999999776482582]	[-0.04586854204535484, -0.3895345628261566, -0.003954057116061449, 0.3231586217880249, 0.006818615831434727, 0.7629476189613342, -0.524558961391449, 790.0]
31	[-0.04881126806139946, -0.39145079255104065, -0.005242379382252693, 0.33127275109291077, 0.004266384057700634, 0.7708943486213684, -0.5216838717460632, 0.04899999871850014, 0.029418954625725746, 0.016746925190091133, 0.011457910761237144, -0.12044841051101685, 0.024749429896473885, -0.11443814635276794, -0.027992475777864456, 0.8399999737739563, -0.004516995511949062, -0.47795775532722473, -0.005998285952955484, 0.857609748840332, -0.03215895593166351, 1.2798911333084106, 0.0500529482960701, 0.009999999776482582]	[-0.04345044866204262, -0.38816535472869873, -0.002843828871846199, 0.3173835277557373, 0.008838738314807415, 0.7570869326591492, -0.5267856121063232, 790.0]
32	[-0.046537142246961594, -0.389968603849411, -0.004237622022628784, 0.324830025434494, 0.006250971928238869, 0.7646012306213379, -0.5239848494529724, 0.04899999871850014, 0.033606287091970444, 0.01726713962852955, 0.013646101579070091, -0.11587054282426834, 0.027076400816440582, -0.11901474744081497, -0.0304118599742651, 0.8399999737739563, -0.004516995511949062, -0.47795775532722473, -0.005998285952955484, 0.857609748840332, -0.03215895593166351, 1.2798911333084106, 0.0500529482960701, 0.009999999776482582]	[-0.04100942239165306, -0.38708406686782837, -0.001792021095752716, 0.3123689889907837, 0.010735997930169106, 0.752030611038208, -0.528770923614502, 790.0]
33	[-0.04423617199063301, -0.38864362239837646, -0.0032021848019212484, 0.3191945552825928, 0.008135850541293621, 0.7589561939239502, -0.526053786277771, 0.04899999871850014, 0.03699829429388046, 0.014162427745759487, 0.013729710131883621, -0.10662119090557098, 0.02715185098350048, -0.1083097755908966, -0.028676876798272133, 0.8399999737739563, -0.004516995511949062, -0.47795775532722473, -0.005998285952955484, 0.857609748840332, -0.03215895593166351, 1.2798911333084106, 0.0500529482960701, 0.009999999776482582]	[-0.03866591677069664, -0.38605815172195435, -0.0007449013646692038, 0.30794191360473633, 0.012481111101806164, 0.7474808096885681, -0.5306409001350403, 790.0]
34	[-0.04167250543832779, -0.38735124468803406, -0.0020900487434118986, 0.31363579630851746, 0.010216312482953072, 0.7533724904060364, -0.5282723307609558, 0.04899999871850014, 0.03744024783372879, 0.014011945575475693, 0.014339678920805454, -0.09569200128316879, 0.025984017178416252, -0.10060416907072067, -0.028253156691789627, 0.8399999737739563, -0.004516995511949062, -0.47795775532722473, -0.005998285952955484, 0.857609748840332, -0.03215895593166351, 1.2798911333084106, 0.0500529482960701, 0.009999999776482582]	[-0.03606877475976944, -0.38515108823776245, 0.00038358126766979694, 0.3036571443080902, 0.01436423696577549, 0.7429677844047546, -0.5326340198516846, 790.0]
35	[-0.03931017592549324, -0.3863388001918793, -0.0010584467090666294, 0.3091527223587036, 0.011999565176665783, 0.7487878203392029, -0.5301265120506287, 0.04899999871850014, 0.043009329587221146, 0.012247038073837757, 0.0156710185110569, -0.09102864563465118, 0.028624223545193672, -0.09999500215053558, -0.030692405998706818, 0.8399999737739563, -0.004516995511949062, -0.47795775532722473, -0.005998285952955484, 0.857609748840332, -0.03215895593166351, 1.2798911333084106, 0.0500529482960701, 0.009999999776482582]	[-0.033720169216394424, -0.3843311071395874, 0.0013843751512467861, 0.30019617080688477, 0.016003664582967758, 0.7393377423286438, -0.5342535972595215, 790.0]
36	[-0.03672158345580101, -0.38538965582847595, 9.58738019107841e-05, 0.3047022819519043, 0.01389594841748476, 0.7441014647483826, -0.532103419303894, 0.04899999871850014, 0.04355833679437637, 0.012077701278030872, 0.015158388763666153, -0.07792892307043076, 0.02729141339659691, -0.08384930342435837, -0.026882309466600418, 0.8399999737739563, -0.004516995511949062, -0.47795775532722473, -0.005998285952955484, 0.857609748840332, -0.03215895593166351, 1.2798911333084106, 0.0500529482960701, 0.009999999776482582]	[-0.03124123439192772, -0.38356852531433105, 0.0024857816752046347, 0.29670289158821106, 0.017674420028924942, 0.7355937957763672, -0.5360288023948669, 790.0]
37	[-0.034286387264728546, -0.3845421373844147, 0.0011408982099965215, 0.3009459376335144, 0.01563509926199913, 0.7401706576347351, -0.5338943600654602, 0.04899999871850014, 0.045909393578767776, 0.010975214652717113, 0.016679538413882256, -0.07703694701194763, 0.027449049055576324, -0.08578503131866455, -0.029603924602270126, 0.8399999737739563, -0.004516995511949062, -0.47795775532722473, -0.005998285952955484, 0.857609748840332, -0.03215895593166351, 1.2798911333084106, 0.0500529482960701, 0.009999999776482582]	[-0.028903231024742126, -0.3828851580619812, 0.0034854914993047714, 0.29385244846343994, 0.01921553537249565, 0.7325165271759033, -0.5375372171401978, 790.0]
38	[-0.031826265156269073, -0.3837904930114746, 0.0022338596172630787, 0.2974657118320465, 0.017297551035881042, 0.7364431023597717, -0.5356335043907166, 0.04899999871850014, 0.04904654249548912, 0.01061205379664898, 0.016433192417025566, -0.06509572267532349, 0.02783289924263954, -0.07219456136226654, -0.027086511254310608, 0.8399999737739563, -0.004516995511949062, -0.47795775532722473, -0.005998285952955484, 0.857609748840332, -0.03215895593166351, 1.2798911333084106, 0.0500529482960701, 0.009999999776482582]	[-0.026607327163219452, -0.3822263479232788, 0.004482727963477373, 0.2911197543144226, 0.020665645599365234, 0.7295694351196289, -0.539059579372406, 790.0]
39	[-0.028905950486660004, -0.3828892707824707, 0.0034955586306750774, 0.2938857972621918, 0.01919393427670002, 0.7324911952018738, -0.5375394821166992, 0.04899999871850014, 0.04936542734503746, 0.010387972928583622, 0.016751719638705254, -0.06288199871778488, 0.026444047689437866, -0.06944610923528671, -0.028132442384958267, 0.8399999737739563, -0.004516995511949062, -0.47795775532722473, -0.005998285952955484, 0.857609748840332, -0.03215895593166351, 1.2798911333084106, 0.0500529482960701, 0.009999999776482582]	[-0.02393411099910736, -0.3814641833305359, 0.005650065373629332, 0.28838732838630676, 0.022291311994194984, 0.7264995574951172, -0.540655791759491, 790.0]
40	[-0.02699422650039196, -0.3823562264442444, 0.0042932284995913506, 0.29150429368019104, 0.02041344903409481, 0.7300406098365784, -0.5388203263282776, 0.04899999871850014, 0.059918440878391266, 0.012022649869322777, 0.019782070070505142, -0.06184263527393341, 0.02984587475657463, -0.07281190156936646, -0.029152292758226395, 0.8399999737739563, -0.004516995511949062, -0.47795775532722473, -0.005998285952955484, 0.857609748840332, -0.03215895593166351, 1.2798911333084106, 0.0500529482960701, 0.009999999776482582]	[-0.022173723205924034, -0.3808422088623047, 0.006329740397632122, 0.2864697575569153, 0.02338883839547634, 0.7247146368026733, -0.5416214466094971, 790.0]
41	[-0.02441713958978653, -0.381573885679245, 0.0054245395585894585, 0.288823664188385, 0.022026047110557556, 0.7270282506942749, -0.5403984189033508, 0.04899999871850014, 0.03580330312252045, 0.011966623365879059, 0.013289711438119411, -0.03774218633770943, 0.023527050390839577, -0.036132991313934326, -0.020309872925281525, 0.8399999737739563, -0.004516995511949062, -0.47795775532722473, -0.005998285952955484, 0.857609748840332, -0.03215895593166351, 1.2798911333084106, 0.0500529482960701, 0.009999999776482582]	[-0.019943632185459137, -0.38048598170280457, 0.007462146691977978, 0.2845010459423065, 0.02455487847328186, 0.7220260500907898, -0.5432257056236267, 790.0]
42	[-0.022371191531419754, -0.3808874189853668, 0.006281651556491852, 0.2866511642932892, 0.02329925075173378, 0.7249037027359009, -0.5415508151054382, 0.04899999871850014, 0.05031740665435791, 0.005478658247739077, 0.020499633625149727, -0.04238815978169441, 0.021249717101454735, -0.06373926997184753, -0.031951192766427994, 0.8399999737739563, -0.004516995511949062, -0.47795775532722473, -0.005998285952955484, 0.857609748840332, -0.03215895593166351, 1.2798911333084106, 0.0500529482960701, 0.009999999776482582]	[-0.0179443322122097, -0.3801756203174591, 0.008202217519283295, 0.28322508931159973, 0.025617312639951706, 0.7203714847564697, -0.544200599193573, 790.0]
43	[-0.020315658301115036, -0.3805787265300751, 0.0072653163224458694, 0.28482764959335327, 0.024378789588809013, 0.7224684953689575, -0.5429237484931946, 0.04899999871850014, 0.041759464889764786, 0.005346408113837242, 0.014391050674021244, -0.027829468250274658, 0.022436250001192093, -0.03595579043030739, -0.02017180062830448, 0.8399999737739563, -0.004516995511949062, -0.47795775532722473, -0.005998285952955484, 0.857609748840332, -0.03215895593166351, 1.2798911333084106, 0.0500529482960701, 0.009999999776482582]	[-0.016299691051244736, -0.37976783514022827, 0.00903150625526905, 0.28165173530578613, 0.02642921172082424, 0.7184180617332458, -0.5452706813812256, 790.0]
44	[-0.018158497288823128, -0.38019904494285583, 0.008135850541293621, 0.2833377420902252, 0.02552352286875248, 0.7205203771591187, -0.5441164374351501, 0.04899999871850014, 0.03473148122429848, 0.007311763241887093, 0.016728585585951805, -0.03350352868437767, 0.01630052924156189, -0.03922360762953758, -0.02278059720993042, 0.8399999737739563, -0.004516995511949062, -0.47795775532722473, -0.005998285952955484, 0.857609748840332, -0.03215895593166351, 1.2798911333084106, 0.0500529482960701, 0.009999999776482582]	[-0.01441291905939579, -0.37945955991744995, 0.00985004287213087, 0.28060436248779297, 0.027341509237885475, 0.716947078704834, -0.5462309122085571, 790.0]
45	[-0.016499880701303482, -0.37983089685440063, 0.008931603282690048, 0.2818536162376404, 0.026325028389692307, 0.7186623215675354, -0.5451652407646179, 0.04899999871850014, 0.03783508390188217, 0.0054416777566075325, 0.016783999279141426, -0.022549396380782127, 0.019156521186232567, -0.03158913552761078, -0.02037172019481659, 0.8399999737739563, -0.004516995511949062, -0.47795775532722473, -0.005998285952955484, 0.857609748840332, -0.03215895593166351, 1.2798911333084106, 0.0500529482960701, 0.009999999776482582]	[-0.012977506965398788, -0.37913402915000916, 0.01047654077410698, 0.2794815003871918, 0.02798827365040779, 0.7154478430747986, -0.5470613241195679, 790.0]
46	[-0.014565147459506989, -0.379504919052124, 0.009784880094230175, 0.28069546818733215, 0.027264591306447983, 0.7170267105102539, -0.546158492565155, 0.04899999871850014, 0.02160489559173584, 0.006406207103282213, 0.013185135088860989, -0.02011209912598133, 0.013596266508102417, -0.021704168990254402, -0.016782695427536964, 0.8399999737739563, -0.004516995511949062, -0.47795775532722473, -0.005998285952955484, 0.857609748840332, -0.03215895593166351, 1.2798911333084106, 0.0500529482960701, 0.009999999776482582]	[-0.011400632560253143, -0.37895703315734863, 0.011283318512141705, 0.2786666452884674, 0.02862737700343132, 0.714088499546051, -0.5479157567024231, 790.0]
47	[-0.013071433641016483, -0.3791847229003906, 0.01042915228754282, 0.27956798672676086, 0.027943378314375877, 0.7155617475509644, -0.5470021963119507, 0.04899999871850014, 0.027342889457941055, 0.0032076656352728605, 0.017472542822360992, -0.017644310370087624, 0.013608748093247414, -0.02586049772799015, -0.018462155014276505, 0.8399999737739563, -0.004516995511949062, -0.47795775532722473, -0.005998285952955484, 0.857609748840332, -0.03215895593166351, 1.2798911333084106, 0.0500529482960701, 0.009999999776482582]	[-0.01007732842117548, -0.3786982297897339, 0.011790984310209751, 0.27791619300842285, 0.02917749248445034, 0.7129514217376709, -0.5485644340515137, 790.0]
48	[-0.011495268903672695, -0.37898722290992737, 0.01121531706303358, 0.27867254614830017, 0.028593402355909348, 0.7141639590263367, -0.5478727221488953, 0.04899999871850014, 0.015764202922582626, 0.005242865066975355, 0.010507378727197647, -0.01375301368534565, 0.011220606043934822, -0.015663836151361465, -0.012627079151570797, 0.8399999737739563, -0.004516995511949062, -0.47795775532722473, -0.005998285952955484, 0.857609748840332, -0.03215895593166351, 1.2798911333084106, 0.0500529482960701, 0.009999999776482582]	[-0.008863902650773525, -0.3785461187362671, 0.012466500513255596, 0.2771933376789093, 0.02960878238081932, 0.7118232846260071, -0.5492128133773804, 790.0]
49	[-0.010170293040573597, -0.37873411178588867, 0.011771384626626968, 0.27793046832084656, 0.029118791222572327, 0.7130306959152222, -0.5485265851020813, 0.04899999871850014, 0.013726238161325455, 0.003035370958968997, 0.012190190143883228, -0.012557586655020714, 0.009046772494912148, -0.013723229058086872, -0.011947866529226303, 0.8399999737739563, -0.004516995511949062, -0.47795775532722473, -0.005998285952955484, 0.857609748840332, -0.03215895593166351, 1.2798911333084106, 0.0500529482960701, 0.009999999776482582]	[-0.0077569978311657906, -0.37834304571151733, 0.012936379760503769, 0.27669811248779297, 0.03000038117170334, 0.7109250426292419, -0.5497329831123352, 790.0]
50	[-0.008954612538218498, -0.3785730302333832, 0.012421409599483013, 0.27723827958106995, 0.029563644900918007, 0.7118898034095764, -0.5491689443588257, 0.04899999871850014, 0.008370466530323029, 0.004192125052213669, 0.00753828464075923, -0.007685382384806871, 0.0069371904246509075, -0.008370466530323029, -0.007811085321009159, 0.8399999737739563, -0.004516995511949062, -0.47795775532722473, -0.005998285952955484, 0.857609748840332, -0.03215895593166351, 1.2798911333084106, 0.0500529482960701, 0.009999999776482582]	[-0.00680171512067318, -0.3782617449760437, 0.013459782116115093, 0.27617594599723816, 0.030300060287117958, 0.7100014686584473, -0.5502148270606995, 790.0]
51	[-0.007813714444637299, -0.37838321924209595, 0.012925705872476101, 0.2767186164855957, 0.029952893033623695, 0.7109502553939819, -0.5496981739997864, 0.04899999871850014, 0.004116114228963852, 0.0016461178893223405, 0.0041157943196594715, -0.004115749150514603, 0.0038424090016633272, -0.004116114228963852, -0.004110987763851881, 0.8399999737739563, -0.004516995511949062, -0.47795775532722473, -0.005998285952955484, 0.857609748840332, -0.03215895593166351, 1.2798911333084106, 0.0500529482960701, 0.009999999776482582]	[-0.005919642746448517, -0.3781924247741699, 0.013874671421945095, 0.27585265040397644, 0.030531974509358406, 0.7092168927192688, -0.5506159067153931, 790.0]
52	[-0.006851141806691885, -0.3782758414745331, 0.013428084552288055, 0.27622199058532715, 0.03025585412979126, 0.7100356221199036, -0.5501871109008789, 0.04899999871850014, 0.002292884513735771, 0.0012317767832428217, 0.002292884513735771, -0.0022892868146300316, 0.002217792673036456, -0.002292884513735771, -0.002292884513735771, 0.8399999737739563, -0.004516995511949062, -0.47795775532722473, -0.005998285952955484, 0.857609748840332, -0.03215895593166351, 1.2798911333084106, 0.0500529482960701, 0.009999999776482582]	[-0.005148810800164938, -0.3781169652938843, 0.01426667720079422, 0.2754962146282196, 0.030751705169677734, 0.7084972858428955, -0.5509752631187439, 790.0]
53	[-0.005971020087599754, -0.3782106339931488, 0.013855681754648685, 0.2758672833442688, 0.030497455969452858, 0.7092379331588745, -0.5505993962287903, 0.04899999871850014, 0.0011646527564153075, 0.0009133393759839237, 0.0011646527564153075, -0.0011646527564153075, 0.0011643016478046775, -0.0011646527564153075, -0.0011646527564153075, 0.8399999737739563, -0.004516995511949062, -0.47795775532722473, -0.005998285952955484, 0.857609748840332, -0.03215895593166351, 1.2798911333084106, 0.0500529482960701, 0.009999999776482582]	[-0.004447406157851219, -0.37805303931236267, 0.014594734646379948, 0.27524372935295105, 0.030935505405068398, 0.7078816890716553, -0.5512722730636597, 790.0]
54	[-0.005234709475189447, -0.3781377673149109, 0.01426026877015829, 0.27550679445266724, 0.030725635588169098, 0.7085073590278625, -0.5509675741195679, 0.04899999871850014, 0.0016145833069458604, 0.0, 0.0, 0.001980367349460721, 0.0, 0.001980367349460721, 0.001980367349460721, 0.8399999737739563, -0.004516995511949062, -0.47795775532722473, -0.005998285952955484, 0.857609748840332, -0.03215895593166351, 1.2798911333084106, 0.0500529482960701, 0.009999999776482582]	[-0.0038695246912539005, -0.37798309326171875, 0.014886102639138699, 0.2749701142311096, 0.031106650829315186, 0.7073199152946472, -0.5515264272689819, 790.0]
55	[-0.004695898853242397, -0.37810900807380676, 0.014530632644891739, 0.2753131091594696, 0.030886702239513397, 0.7079877257347107, -0.5511938333511353, 0.04899999871850014, 0.0, 0.0, 0.0, 0.0, 0.0, 0.0, 0.0, 0.8399999737739563, -0.004516995511949062, -0.47795775532722473, -0.005998285952955484, 0.857609748840332, -0.03215895593166351, 1.2798911333084106, 0.0500529482960701, 0.009999999776482582]	[-0.0034191450104117393, -0.3779444694519043, 0.01510990783572197, 0.2748521566390991, 0.031236745417118073, 0.7069178819656372, -0.5517153739929199, 790.0]
56	[-0.003913568332791328, -0.37799587845802307, 0.014875778928399086, 0.2749890685081482, 0.031082285568118095, 0.7073396444320679, -0.551502525806427, 0.04899999871850014, 0.0, 0.0, 0.0, 0.0, 0.0, 0.0, 0.0, 0.8399999737739563, -0.004516995511949062, -0.47795775532722473, -0.005998285952955484, 0.857609748840332, -0.03215895593166351, 1.2798911333084106, 0.0500529482960701, 0.009999999776482582]	[-0.00279383547604084, -0.3778122663497925, 0.015375280752778053, 0.2746056318283081, 0.031402841210365295, 0.7064333558082581, -0.5519429445266724, 790.0]
57	[-0.003395850071683526, -0.37794986367225647, 0.015113545581698418, 0.27484142780303955, 0.03122609667479992, 0.7068909406661987, -0.5517172813415527, 0.04899999871850014, 0.0, 0.0, 0.0, 0.0, 0.0, 0.0, 0.0, 0.8399999737739563, -0.004516995511949062, -0.47795775532722473, -0.005998285952955484, 0.857609748840332, -0.03215895593166351, 1.2798911333084106, 0.0500529482960701, 0.009999999776482582]	[-0.0023799112532287836, -0.3777426779270172, 0.015554143115878105, 0.27449721097946167, 0.03152233362197876, 0.7061010599136353, -0.552094042301178, 790.0]
58	[-0.002847451949492097, -0.37782713770866394, 0.015368569642305374, 0.27461323142051697, 0.03138716518878937, 0.7064326405525208, -0.5519320368766785, 0.04899999871850014, 0.010027382522821426, 0.0, 3.469446951953614e-16, 0.0, 0.0, 0.0, 0.006664088927209377, 0.8399999737739563, -0.004516995511949062, -0.47795775532722473, -0.005998285952955484, 0.857609748840332, -0.03215895593166351, 1.2798911333084106, 0.0500529482960701, 0.009999999776482582]	[-0.0020231420639902353, -0.37745654582977295, 0.01565096154808998, 0.2741859257221222, 0.0316910520195961, 0.7059196829795837, -0.5520728826522827, 790.0]
59	[-0.002467791549861431, -0.37778112292289734, 0.015516215935349464, 0.2745250463485718, 0.03146769851446152, 0.7061565518379211, -0.5520413517951965, 0.04899999871850014, 0.0, 0.0, 0.0, 0.0, 0.0, 0.0, 0.0, 0.8399999737739563, -0.004516995511949062, -0.47795775532722473, -0.005998285952955484, 0.857609748840332, -0.03215895593166351, 1.2798911333084106, 0.0500529482960701, 0.009999999776482582]	[-0.001645202748477459, -0.377559095621109, 0.015863554552197456, 0.2742597162723541, 0.031723178923130035, 0.705554723739624, -0.5523352026939392, 790.0]
60	[-0.002015267265960574, -0.3774915933609009, 0.015650438144803047, 0.274204820394516, 0.031665198504924774, 0.7059015035629272, -0.552089273929596, 0.04899999871850014, 0.0, 0.0, 0.0, 0.0, 0.0, 0.0, 0.0, 0.8399999737739563, -0.004516995511949062, -0.47795775532722473, -0.005998285952955484, 0.857609748840332, -0.03215895593166351, 1.2798911333084106, 0.0500529482960701, 0.009999999776482582]	[-0.0012907579075545073, -0.37732669711112976, 0.015993954613804817, 0.27401360869407654, 0.031872160732746124, 0.7053588628768921, -0.552413821220398, 790.0]
61	[-0.001626019598916173, -0.3774896562099457, 0.01585177332162857, 0.27418947219848633, 0.0317169688642025, 0.7055583000183105, -0.5523174405097961, 0.04899999871850014, 0.0, 0.0, 0.0, 0.0, 0.0, 0.0, 0.0, 0.8399999737739563, -0.004516995511949062, -0.47795775532722473, -0.005998285952955484, 0.857609748840332, -0.03215895593166351, 1.2798911333084106, 0.0500529482960701, 0.009999999776482582]	[-0.0009835262317210436, -0.3772916793823242, 0.016132347285747528, 0.274004191160202, 0.03192086145281792, 0.7051059007644653, -0.5525398850440979, 790.0]
62	[-0.0012827914906665683, -0.3773784339427948, 0.01598791405558586, 0.27403607964515686, 0.03185310959815979, 0.7053492665290833, -0.5524114370346069, 0.04899999871850014, 0.0, 0.0, 0.0, 0.0, 0.0, 0.0, 0.0, 0.8399999737739563, -0.004516995511949062, -0.47795775532722473, -0.005998285952955484, 0.857609748840332, -0.03215895593166351, 1.2798911333084106, 0.0500529482960701, 0.009999999776482582]	[-0.0007115256739780307, -0.3771905303001404, 0.01624595746397972, 0.2738894820213318, 0.03202389180660248, 0.7049514055252075, -0.552623450756073, 790.0]
63	[-0.0010009224060922861, -0.3773055970668793, 0.016122138127684593, 0.2739958167076111, 0.03192022442817688, 0.7050999999046326, -0.5525360703468323, 0.04899999871850014, 0.015256614424288273, 0.0038277702406048775, 0.004336630459874868, -0.004457760602235794, 0.0, -0.00010400041355751455, -0.00010400041355751455, 0.8399999737739563, -0.004516995511949062, -0.47795775532722473, -0.005998285952955484, 0.857609748840332, -0.03215895593166351, 1.2798911333084106, 0.0500529482960701, 0.009999999776482582]	[-0.0004691148642450571, -0.37677884101867676, 0.01625157706439495, 0.27362173795700073, 0.03226718306541443, 0.7050306797027588, -0.5525898337364197, 790.0]
64	[-0.0007478156476281583, -0.3771751821041107, 0.016219928860664368, 0.27389034628868103, 0.03202185034751892, 0.7049657702445984, -0.5526031851768494, 0.04899999871850014, 0.0, 0.0, 0.0, 0.0, 0.0, 0.0, 0.0, 0.8399999737739563, -0.004516995511949062, -0.47795775532722473, -0.005998285952955484, 0.857609748840332, -0.03215895593166351, 1.2798911333084106, 0.0500529482960701, 0.009999999776482582]	[-0.0002928906469605863, -0.3770028352737427, 0.01642698049545288, 0.27378082275390625, 0.03215469419956207, 0.7046651840209961, -0.5527517795562744, 790.0]
65	[-0.0004832039412576705, -0.3768262267112732, 0.016258278861641884, 0.2736334204673767, 0.032232772558927536, 0.7049581408500671, -0.5526223182678223, 0.04899999871850014, 0.0, 0.0, 0.0, 0.0, 0.0, 0.0, 0.0, 0.8399999737739563, -0.004516995511949062, -0.47795775532722473, -0.005998285952955484, 0.857609748840332, -0.03215895593166351, 1.2798911333084106, 0.0500529482960701, 0.009999999776482582]	[-8.723538485355675e-05, -0.3767364025115967, 0.016492584720253944, 0.2735827565193176, 0.032297249883413315, 0.7046548128128052, -0.5527932643890381, 790.0]
66	[-0.00029529130551964045, -0.3768262267112732, 0.01640017144382, 0.2736334204673767, 0.032232772558927536, 0.704704999923706, -0.5527373552322388, 0.04899999871850014, 0.0, 0.0, 0.0, 0.0, 0.0, 0.0, 0.0, 0.8399999737739563, -0.004516995511949062, -0.47795775532722473, -0.005998285952955484, 0.857609748840332, -0.03215895593166351, 1.2798911333084106, 0.0500529482960701, 0.009999999776482582]	[6.217265035957098e-05, -0.3767177164554596, 0.016585765406489372, 0.27358248829841614, 0.03230813518166542, 0.7044637799263, -0.5528553128242493, 790.0]
67	[-9.203884837916121e-05, -0.3768262267112732, 0.016484541818499565, 0.2736334204673767, 0.032234687358140945, 0.7046321630477905, -0.552785336971283, 0.04899999871850014, 0.0, 0.0, 0.0, 0.0, 0.0, 0.0, 0.0, 0.8399999737739563, -0.004516995511949062, -0.47795775532722473, -0.005998285952955484, 0.857609748840332, -0.03215895593166351, 1.2798911333084106, 0.0500529482960701, 0.009999999776482582]	[0.00021508897771127522, -0.37670549750328064, 0.01664474420249462, 0.2735840082168579, 0.032313864678144455, 0.704414963722229, -0.5528883337974548, 790.0]
68	[4.9854374083224684e-05, -0.3767801821231842, 0.016574662178754807, 0.2736257314682007, 0.032280709594488144, 0.704467236995697, -0.5528524518013, 0.04899999871850014, 0.0, 0.0, 0.0, 0.0, 0.0, 0.0, 0.0, 0.8399999737739563, -0.004516995511949062, -0.47795775532722473, -0.005998285952955484, 0.857609748840332, -0.03215895593166351, 1.2798911333084106, 0.0500529482960701, 0.009999999776482582]	[0.0003278355288784951, -0.3766581118106842, 0.01670927181839943, 0.27357983589172363, 0.03235168382525444, 0.7042909264564514, -0.552927553653717, 790.0]
69	[0.0002109223569277674, -0.37672460079193115, 0.016630269587039948, 0.2735893130302429, 0.03231138736009598, 0.7044020891189575, -0.5528888702392578, 0.04899999871850014, 0.0, 0.0, 0.0, 0.0, 0.0, 0.0, 0.0, 0.8399999737739563, -0.004516995511949062, -0.47795775532722473, -0.005998285952955484, 0.857609748840332, -0.03215895593166351, 1.2798911333084106, 0.0500529482960701, 0.009999999776482582]	[0.00045004129060544074, -0.3766076862812042, 0.016753248870372772, 0.27355238795280457, 0.032375700771808624, 0.7042439579963684, -0.5529542565345764, 790.0]
70	[0.00032405342790298164, -0.3766708970069885, 0.01669738069176674, 0.27357587218284607, 0.0323401503264904, 0.7042927742004395, -0.5529252886772156, 0.04899999871850014, 0.0, 0.0, 0.0, 0.0, 0.0, 0.0, 0.0, 0.8399999737739563, -0.004516995511949062, -0.47795775532722473, -0.005998285952955484, 0.857609748840332, -0.03215895593166351, 1.2798911333084106, 0.0500529482960701, 0.009999999776482582]	[0.0005378106143325567, -0.3765586316585541, 0.016802188009023666, 0.27354270219802856, 0.03239994868636131, 0.7041613459587097, -0.5529767274856567, 790.0]
71	[0.0004448544350452721, -0.37660762667655945, 0.016745317727327347, 0.27355480194091797, 0.03236699476838112, 0.7042313814163208, -0.5529578924179077, 0.04899999871850014, 0.0, 0.0, 0.0, 0.0, 0.0, 0.0, 0.0, 0.8399999737739563, -0.004516995511949062, -0.47795775532722473, -0.005998285952955484, 0.857609748840332, -0.03215895593166351, 1.2798911333084106, 0.0500529482960701, 0.009999999776482582]	[0.0006292339530773461, -0.376503586769104, 0.016839470714330673, 0.273526668548584, 0.032420601695775986, 0.7041157484054565, -0.5529965758323669, 790.0]
72	[0.0005330583080649376, -0.37656161189079285, 0.016795171424746513, 0.2735375463962555, 0.03239192068576813, 0.7041566371917725, -0.5529770851135254, 0.04899999871850014, 0.0, 0.0, 0.0, 0.0, 0.0, 0.0, 0.0, 0.8399999737739563, -0.004516995511949062, -0.47795775532722473, -0.005998285952955484, 0.857609748840332, -0.03215895593166351, 1.2798911333084106, 0.0500529482960701, 0.009999999776482582]	[0.0006973510608077049, -0.3764631152153015, 0.01687692664563656, 0.2735139727592468, 0.03244103491306305, 0.704059362411499, -0.5530111193656921, 790.0]
73	[0.0006250971928238869, -0.3765098452568054, 0.016835439950227737, 0.27352410554885864, 0.032416850328445435, 0.7041106224060059, -0.5529962182044983, 0.04899999871850014, 0.0, 0.0, 0.0, 0.0, 0.0, 0.0, 0.0, 0.8399999737739563, -0.004516995511949062, -0.47795775532722473, -0.005998285952955484, 0.857609748840332, -0.03215895593166351, 1.2798911333084106, 0.0500529482960701, 0.009999999776482582]	[0.0007670009508728981, -0.3764185905456543, 0.016908321529626846, 0.2735041677951813, 0.03245992213487625, 0.704025387763977, -0.5530241131782532, 790.0]
74	[0.0006864563911221921, -0.37646380066871643, 0.01686803624033928, 0.27350878715515137, 0.032439857721328735, 0.704058825969696, -0.5530135035514832, 0.04899999871850014, 0.0, 0.0, 0.0, 0.0, 0.0, 0.0, 0.0, 0.8399999737739563, -0.004516995511949062, -0.47795775532722473, -0.005998285952955484, 0.857609748840332, -0.03215895593166351, 1.2798911333084106, 0.0500529482960701, 0.009999999776482582]	[0.0008144275634549558, -0.37637972831726074, 0.01693372055888176, 0.27349257469177246, 0.03247758746147156, 0.7039857506752014, -0.5530351996421814, 790.0]
